DATE,DOWNLOAD,ERROR
2020-01-20T09:05:05.405Z,46.32576,
2020-01-20T09:05:42.777Z,47.37024,
2020-01-20T09:28:49.839Z,0.65536,
2020-01-20T09:29:20.965Z,1.31072,
2020-01-20T09:36:19.871Z,36.33152,
2020-01-20T09:40:18.704Z,0,
2020-01-20T09:40:43.587Z,0.98304,
2020-01-20T09:41:08.257Z,0,
2020-01-20T09:45:24.688Z,30.55616,
2020-01-20T09:54:33.190Z,0,
2020-01-20T09:55:00.024Z,0,
2020-01-20T10:17:44.609Z,47.34976,
2020-01-20T10:23:32.916Z,47.34976,
2020-01-20T10:35:02.610Z,47.14496,
2020-01-20T10:40:02.667Z,38.74816,
2020-01-20T10:45:02.684Z,47.34976,
2020-01-20T10:50:02.691Z,47.34976,
2020-01-20T10:55:02.722Z,47.9232,
2020-01-20T11:00:02.766Z,47.02208,
2020-01-20T11:05:02.744Z,47.3088,
2020-01-20T11:10:02.761Z,47.26784,
2020-01-20T11:15:02.765Z,47.3088,
2020-01-20T11:20:02.802Z,47.2064,
2020-01-20T11:25:02.809Z,45.95712,
2020-01-20T11:30:02.828Z,45.40416,
2020-01-20T11:35:02.831Z,45.056,
2020-01-20T11:40:02.859Z,46.61248,
2020-01-20T11:45:02.882Z,46.85824,
2020-01-20T11:50:02.888Z,47.37024,
2020-01-20T11:55:02.910Z,47.34976,
2020-01-20T12:00:02.916Z,47.32928,
2020-01-20T12:05:02.935Z,47.18592,
2020-01-20T12:10:02.948Z,47.39072,
2020-01-20T12:15:02.958Z,47.43168,
2020-01-20T12:20:02.978Z,47.34976,
2020-01-20T12:25:03.016Z,47.34976,
2020-01-20T12:30:02.999Z,46.85824,
2020-01-20T12:35:03.035Z,46.94016,
2020-01-20T12:40:03.032Z,47.3088,
2020-01-20T12:45:03.051Z,48.16896,
2020-01-20T12:50:03.071Z,47.90272,
2020-01-20T12:55:03.099Z,47.34976,
2020-01-21T13:00:15.297Z,47.14496,
2020-01-22T09:55:03.140Z,34.07872,
2020-01-22T10:00:03.162Z,46.20288,
2020-01-22T10:05:03.183Z,26.54208,
2020-01-22T10:10:03.172Z,28.34432,
2020-01-22T10:15:03.204Z,35.65568,
2020-01-22T10:20:03.189Z,26.80832,
2020-01-22T10:25:03.222Z,27.09504,
2020-01-22T10:30:03.234Z,29.4912,
2020-01-22T10:35:03.278Z,33.52576,
2020-01-22T10:40:03.290Z,46.03904,
2020-01-22T10:45:03.283Z,47.3088,
2020-01-22T10:50:02.284Z,47.34976,
2020-01-22T10:55:02.300Z,47.2064,
2020-01-22T11:00:02.347Z,47.45216,
2020-01-22T11:05:02.322Z,47.04256,
2020-01-22T11:10:02.367Z,47.28832,
2020-01-22T11:15:02.383Z,46.16192,
2020-01-22T11:20:02.392Z,44.38016,
2020-01-22T11:25:02.416Z,30.22848,
2020-01-22T11:30:02.453Z,32.5632,
2020-01-22T11:35:02.444Z,44.8512,
2020-01-22T11:40:02.473Z,47.96416,
2020-01-22T11:45:02.475Z,47.45216,
2020-01-22T11:50:02.493Z,47.47264,
2020-01-22T11:55:02.515Z,47.34976,
2020-01-22T12:00:02.490Z,47.26784,
2020-01-22T12:05:02.563Z,47.26784,
2020-01-22T12:10:02.539Z,45.54752,
2020-01-22T12:15:02.558Z,47.45216,
2020-01-22T12:20:02.568Z,47.3088,
2020-01-22T12:25:02.588Z,47.4112,
2020-01-22T12:30:02.613Z,47.34976,
2020-01-22T12:35:02.628Z,47.4112,
2020-01-22T12:40:02.647Z,47.45216,
2020-01-22T12:45:02.658Z,47.37024,
2020-01-22T12:50:02.676Z,47.45216,
2020-01-22T12:55:02.687Z,47.22688,
2020-01-22T13:00:02.688Z,47.22688,
2020-01-22T13:05:02.709Z,47.43168,
2020-01-22T13:10:02.734Z,47.104,
2020-01-22T13:15:02.736Z,47.24736,
2020-01-22T13:20:02.758Z,47.47264,
2020-01-22T13:25:02.774Z,47.28832,
2020-01-22T13:30:02.798Z,47.34976,
2020-01-22T13:35:02.824Z,47.37024,
2020-01-22T13:40:02.814Z,47.34976,
2020-01-22T13:45:02.838Z,47.26784,
2020-01-22T13:50:02.820Z,47.32928,
2020-01-22T13:55:02.855Z,48.128,
2020-01-22T14:00:02.860Z,47.26784,
2020-01-22T14:05:02.889Z,47.4112,
2020-01-22T14:10:02.907Z,47.43168,
2020-01-22T14:15:02.901Z,46.2848,
2020-01-22T14:20:02.923Z,47.28832,
2020-01-22T14:25:02.942Z,47.43168,
2020-01-22T14:30:02.952Z,46.36672,
2020-01-22T14:35:02.954Z,46.40768,
2020-01-22T14:40:02.959Z,47.28832,
2020-01-22T14:45:02.989Z,47.37024,
2020-01-22T14:50:03.018Z,47.3088,
2020-01-22T14:55:03.022Z,47.34976,
2020-01-22T15:00:03.033Z,47.43168,
2020-01-22T15:05:03.057Z,47.26784,
2020-01-22T15:10:03.061Z,47.18592,
2020-01-22T15:15:03.075Z,47.32928,
2020-01-22T15:20:03.086Z,47.34976,
2020-01-22T15:25:03.095Z,47.45216,
2020-01-22T15:30:03.115Z,47.28832,
2020-01-22T15:35:03.140Z,47.3088,
2020-01-22T15:40:03.138Z,47.39072,
2020-01-22T15:45:03.176Z,47.37024,
2020-01-22T15:50:03.187Z,47.28832,
2020-01-22T15:55:03.181Z,47.26784,
2020-01-22T16:00:03.205Z,47.22688,
2020-01-22T16:05:03.226Z,47.37024,
2020-01-22T16:10:03.250Z,47.3088,
2020-01-22T16:15:03.248Z,46.6944,
2020-01-22T16:20:03.273Z,47.04256,
2020-01-22T16:25:02.296Z,47.34976,
2020-01-22T16:30:02.306Z,47.26784,
2020-01-22T16:35:02.336Z,47.18592,
2020-01-22T16:40:02.303Z,47.28832,
2020-01-22T16:45:02.334Z,47.26784,
2020-01-22T16:50:02.365Z,47.22688,
2020-01-22T16:55:02.364Z,47.32928,
2020-01-22T17:00:02.394Z,48.14848,
2020-01-22T17:05:02.398Z,47.28832,
2020-01-22T17:10:02.405Z,46.63296,
2020-01-22T17:15:02.442Z,47.34976,
2020-01-22T17:20:02.451Z,45.79328,
2020-01-22T17:25:02.443Z,47.65696,
2020-01-22T17:30:02.486Z,47.34976,
2020-01-22T17:35:02.473Z,47.37024,
2020-01-22T17:40:02.504Z,47.14496,
2020-01-22T17:45:02.514Z,47.43168,
2020-01-22T17:50:02.532Z,47.18592,
2020-01-22T17:55:02.535Z,47.53408,
2020-01-22T18:00:02.542Z,47.37024,
2020-01-22T18:05:02.589Z,48.00512,
2020-01-22T18:10:02.582Z,47.28832,
2020-01-22T18:15:02.598Z,47.39072,
2020-01-22T18:20:02.626Z,46.20288,
2020-01-22T18:25:02.640Z,47.26784,
2020-01-22T18:30:02.654Z,47.28832,
2020-01-22T18:35:02.667Z,46.87872,
2020-01-22T18:40:02.675Z,47.45216,
2020-01-22T18:45:02.703Z,47.43168,
2020-01-22T18:50:02.706Z,-1,
2020-01-22T18:55:02.739Z,-1,
2020-01-22T19:00:02.733Z,-1,
2020-01-22T19:05:02.748Z,-1,
2020-01-22T19:10:02.767Z,-1,
2020-01-22T19:15:02.838Z,-1,
2020-01-22T19:20:02.802Z,-1,
2020-01-22T19:25:02.812Z,-1,
2020-01-22T19:30:02.817Z,47.39072,
2020-01-22T19:35:02.863Z,48.10752,
2020-01-22T19:40:02.853Z,47.3088,
2020-01-22T19:45:02.859Z,47.63648,
2020-01-22T19:50:02.881Z,47.43168,
2020-01-22T19:55:02.900Z,47.34976,
2020-01-22T20:00:02.914Z,47.39072,
2020-01-22T20:05:02.934Z,47.3088,
2020-01-22T20:10:02.924Z,47.34976,
2020-01-22T20:15:02.942Z,47.43168,
2020-01-22T20:20:02.961Z,47.53408,
2020-01-22T20:25:02.980Z,47.28832,
2020-01-22T20:30:03.011Z,47.26784,
2020-01-22T20:35:03.013Z,47.3088,
2020-01-22T20:40:03.012Z,47.3088,
2020-01-22T20:45:03.055Z,47.28832,
2020-01-22T20:50:03.046Z,47.37024,
2020-01-22T20:55:03.077Z,47.2064,
2020-01-22T21:00:03.088Z,47.34976,
2020-01-22T21:05:03.150Z,47.32928,
2020-01-22T21:10:03.120Z,47.43168,
2020-01-22T21:15:03.148Z,47.34976,
2020-01-22T21:20:03.153Z,46.96064,
2020-01-22T21:25:03.171Z,49.13152,
2020-01-22T21:30:03.201Z,47.45216,
2020-01-22T21:35:03.204Z,47.34976,
2020-01-22T21:40:03.215Z,47.28832,
2020-01-22T21:45:03.228Z,46.94016,
2020-01-22T21:50:03.244Z,46.75584,
2020-01-22T21:55:03.233Z,38.66624,
2020-01-22T22:00:03.243Z,43.4176,
2020-01-22T22:05:02.284Z,39.50592,
2020-01-22T22:10:02.284Z,40.96,
2020-01-22T22:15:02.334Z,-1,
2020-01-22T22:20:02.314Z,47.26784,
2020-01-22T22:25:02.347Z,47.26784,
2020-01-22T22:30:02.371Z,46.55104,
2020-01-22T22:35:02.398Z,47.34976,
2020-01-22T22:40:02.367Z,47.34976,
2020-01-22T22:45:02.384Z,47.28832,
2020-01-22T22:50:02.426Z,47.34976,
2020-01-22T22:55:02.420Z,47.28832,
2020-01-22T23:00:02.432Z,47.104,
2020-01-22T23:05:02.436Z,47.34976,
2020-01-22T23:10:02.454Z,47.26784,
2020-01-22T23:15:02.483Z,47.26784,
2020-01-22T23:20:02.501Z,47.37024,
2020-01-22T23:25:02.524Z,47.18592,
2020-01-22T23:30:02.550Z,47.104,
2020-01-22T23:35:02.543Z,47.43168,
2020-01-22T23:40:02.558Z,47.34976,
2020-01-22T23:45:02.588Z,47.104,
2020-01-22T23:50:02.596Z,42.84416,
2020-01-22T23:55:02.600Z,47.34976,
2020-01-23T00:00:02.616Z,47.43168,
2020-01-23T00:05:02.650Z,47.43168,
2020-01-23T00:10:02.671Z,44.2368,
2020-01-23T00:15:02.658Z,47.18592,
2020-01-23T00:20:02.725Z,47.28832,
2020-01-23T00:25:02.706Z,47.26784,
2020-01-23T00:30:02.709Z,47.26784,
2020-01-23T00:35:02.725Z,45.95712,
2020-01-23T00:40:02.739Z,47.43168,
2020-01-23T00:45:02.737Z,47.18592,
2020-01-23T00:50:02.760Z,47.34976,
2020-01-23T00:55:02.782Z,47.26784,
2020-01-23T01:00:02.802Z,47.02208,
2020-01-23T01:05:02.818Z,47.18592,
2020-01-23T01:10:02.836Z,47.34976,
2020-01-23T01:15:02.843Z,47.26784,
2020-01-23T01:20:02.878Z,47.43168,
2020-01-23T01:25:02.867Z,47.32928,
2020-01-23T01:30:02.894Z,46.55104,
2020-01-23T01:35:02.910Z,47.43168,
2020-01-23T01:40:02.930Z,47.34976,
2020-01-23T01:45:02.955Z,47.45216,
2020-01-23T01:50:02.948Z,47.26784,
2020-01-23T01:55:02.960Z,47.18592,
2020-01-23T02:00:02.974Z,47.34976,
2020-01-23T02:05:03.006Z,46.55104,
2020-01-23T02:10:02.996Z,47.24736,
2020-01-23T02:15:03.044Z,47.43168,
2020-01-23T02:20:03.048Z,47.34976,
2020-01-23T02:25:03.068Z,47.34976,
2020-01-23T02:30:03.098Z,47.43168,
2020-01-23T02:35:03.092Z,47.37024,
2020-01-23T02:40:03.115Z,47.28832,
2020-01-23T02:45:03.117Z,47.28832,
2020-01-23T02:50:03.126Z,48.31232,
2020-01-23T02:55:03.161Z,47.37024,
2020-01-23T03:00:03.170Z,47.28832,
2020-01-23T03:05:03.199Z,47.12448,
2020-01-23T03:10:03.188Z,47.2064,
2020-01-23T03:15:03.187Z,47.3088,
2020-01-23T03:20:03.211Z,47.26784,
2020-01-23T03:25:03.223Z,33.09568,
2020-01-23T03:30:03.262Z,47.43168,
2020-01-23T03:35:03.271Z,47.34976,
2020-01-23T03:40:03.273Z,47.34976,
2020-01-23T03:45:02.294Z,47.84128,
2020-01-23T03:50:02.302Z,47.43168,
2020-01-23T03:55:02.307Z,47.18592,
2020-01-23T04:00:02.348Z,47.34976,
2020-01-23T04:05:02.347Z,47.45216,
2020-01-23T04:10:02.370Z,47.32928,
2020-01-23T04:15:02.396Z,-1,
2020-01-23T04:20:02.399Z,47.26784,
2020-01-23T04:25:02.425Z,47.26784,
2020-01-23T04:30:02.434Z,47.34976,
2020-01-23T04:35:02.461Z,47.2064,
2020-01-23T04:40:02.437Z,47.34976,
2020-01-23T04:45:02.460Z,46.61248,
2020-01-23T04:50:02.474Z,47.26784,
2020-01-23T04:55:02.508Z,47.39072,
2020-01-23T05:00:02.527Z,47.34976,
2020-01-23T05:05:02.526Z,47.37024,
2020-01-23T05:10:02.561Z,47.37024,
2020-01-23T05:15:02.536Z,46.94016,
2020-01-23T05:20:02.561Z,47.26784,
2020-01-23T05:25:02.570Z,47.43168,
2020-01-23T05:30:02.612Z,47.43168,
2020-01-23T05:35:02.618Z,47.39072,
2020-01-23T05:40:02.613Z,47.34976,
2020-01-23T05:45:02.626Z,47.34976,
2020-01-23T05:50:02.651Z,47.26784,
2020-01-23T05:55:02.650Z,47.34976,
2020-01-23T06:00:02.656Z,46.03904,
2020-01-23T06:05:02.711Z,47.34976,
2020-01-23T06:10:02.710Z,47.34976,
2020-01-23T06:15:02.729Z,47.26784,
2020-01-23T06:20:02.750Z,47.26784,
2020-01-23T06:25:02.744Z,47.43168,
2020-01-23T06:30:02.763Z,47.12448,
2020-01-23T06:35:02.766Z,47.24736,
2020-01-23T06:40:02.799Z,47.43168,
2020-01-23T06:45:02.813Z,47.34976,
2020-01-23T06:50:02.830Z,47.5136,
2020-01-23T06:55:02.841Z,47.43168,
2020-01-23T07:00:02.871Z,47.65696,
2020-01-23T07:05:02.871Z,47.43168,
2020-01-23T07:10:02.874Z,47.26784,
2020-01-23T07:15:02.900Z,47.34976,
2020-01-23T07:20:02.911Z,47.34976,
2020-01-23T07:25:02.933Z,47.22688,
2020-01-23T07:30:02.949Z,47.34976,
2020-01-23T07:35:02.971Z,47.2064,
2020-01-23T07:40:02.986Z,48.70144,
2020-01-23T07:45:02.997Z,47.34976,
2020-01-23T07:50:02.999Z,47.34976,
2020-01-23T07:55:03.008Z,47.34976,
2020-01-23T08:00:03.032Z,46.94016,
2020-01-23T08:05:03.048Z,47.28832,
2020-01-23T08:10:03.066Z,47.104,
2020-01-23T08:15:03.088Z,47.43168,
2020-01-23T08:20:03.090Z,47.34976,
2020-01-23T08:25:03.108Z,47.18592,
2020-01-23T08:30:03.104Z,47.43168,
2020-01-23T08:35:03.124Z,47.34976,
2020-01-23T08:40:03.143Z,47.26784,
2020-01-23T08:45:03.146Z,47.43168,
2020-01-23T08:50:03.178Z,47.43168,
2020-01-23T08:55:03.194Z,47.34976,
2020-01-23T09:00:03.210Z,47.65696,
2020-01-23T09:05:03.256Z,48.59904,
2020-01-23T09:10:03.238Z,47.28832,
2020-01-23T09:15:03.258Z,47.32928,
2020-01-23T09:20:03.275Z,47.32928,
2020-01-23T09:25:02.293Z,47.26784,
2020-01-23T09:30:02.314Z,47.02208,
2020-01-23T09:35:02.319Z,47.3088,
2020-01-23T09:40:02.334Z,47.34976,
2020-01-23T09:45:02.354Z,47.18592,
2020-01-23T09:50:02.383Z,34.32448,
2020-01-23T09:55:02.389Z,45.42464,
2020-01-23T10:00:02.408Z,28.50816,
2020-01-23T10:05:02.436Z,36.70016,
2020-01-23T10:10:02.439Z,46.91968,
2020-01-23T10:15:02.484Z,47.47264,
2020-01-23T10:20:02.487Z,25.37472,
2020-01-23T10:25:02.506Z,32.0512,
2020-01-23T10:30:02.519Z,39.75168,
2020-01-23T10:35:02.544Z,32.13312,
2020-01-23T10:40:02.548Z,33.36192,
2020-01-23T10:45:02.534Z,27.70944,
2020-01-23T10:50:02.552Z,30.65856,
2020-01-23T10:55:02.580Z,37.45792,
2020-01-23T11:00:02.604Z,47.104,
2020-01-23T11:05:02.593Z,31.9488,
2020-01-23T11:10:02.612Z,27.9552,
2020-01-23T11:15:02.622Z,45.38368,
2020-01-23T11:20:02.644Z,23.90016,
2020-01-23T11:25:02.689Z,23.92064,
2020-01-23T11:30:02.714Z,29.34784,
2020-01-23T11:35:02.732Z,39.15776,
2020-01-23T11:40:02.727Z,24.82176,
2020-01-23T11:45:02.745Z,42.35264,
2020-01-23T11:50:02.753Z,27.68896,
2020-01-23T11:55:02.779Z,30.22848,
2020-01-23T12:00:02.826Z,31.04768,
2020-01-23T12:05:02.818Z,30.63808,
2020-01-23T12:10:02.849Z,24.33024,
2020-01-23T12:15:02.838Z,47.26784,
2020-01-23T12:20:02.869Z,47.24736,
2020-01-23T12:25:02.865Z,47.26784,
2020-01-23T12:30:02.900Z,47.26784,
2020-01-23T12:35:02.905Z,47.34976,
2020-01-23T12:40:02.909Z,47.9232,
2020-01-23T12:45:02.923Z,47.34976,
2020-01-23T12:50:02.944Z,47.28832,
2020-01-23T12:55:02.973Z,47.37024,
2020-01-23T13:00:02.969Z,47.26784,
2020-01-23T13:05:02.974Z,47.02208,
2020-01-23T13:10:03.017Z,47.34976,
2020-01-23T13:15:03.026Z,47.3088,
2020-01-23T13:20:03.034Z,47.55456,
2020-01-23T13:25:03.043Z,47.59552,
2020-01-23T13:30:03.088Z,47.26784,
2020-01-23T13:35:03.069Z,47.37024,
2020-01-23T13:40:03.083Z,47.45216,
2020-01-23T13:45:03.091Z,47.26784,
2020-01-23T13:50:03.112Z,48.7424,
2020-01-23T13:55:03.136Z,47.34976,
2020-01-23T14:00:03.149Z,47.18592,
2020-01-23T14:05:03.146Z,46.94016,
2020-01-23T14:10:03.165Z,47.43168,
2020-01-23T14:15:03.193Z,47.3088,
2020-01-23T14:20:03.186Z,47.34976,
2020-01-23T14:25:03.211Z,47.26784,
2020-01-23T14:30:03.232Z,47.34976,
2020-01-23T14:35:03.243Z,47.39072,
2020-01-23T14:40:03.259Z,47.34976,
2020-01-23T14:45:02.279Z,47.37024,
2020-01-23T14:50:02.290Z,47.34976,
2020-01-23T14:55:02.291Z,46.85824,
2020-01-23T15:00:02.346Z,47.2064,
2020-01-23T15:05:02.349Z,47.26784,
2020-01-23T15:10:02.353Z,47.2064,
2020-01-23T15:15:02.364Z,47.18592,
2020-01-23T15:20:02.379Z,47.26784,
2020-01-23T15:25:02.385Z,47.34976,
2020-01-23T15:30:02.416Z,47.12448,
2020-01-23T15:35:02.415Z,47.26784,
2020-01-23T15:40:02.450Z,47.34976,
2020-01-23T15:45:02.446Z,47.18592,
2020-01-23T15:50:02.467Z,47.3088,
2020-01-23T15:55:02.483Z,47.43168,
2020-01-23T16:00:02.491Z,47.22688,
2020-01-23T16:05:02.513Z,47.26784,
2020-01-23T16:10:02.519Z,47.34976,
2020-01-23T16:15:02.548Z,48.16896,
2020-01-23T16:20:02.560Z,47.34976,
2020-01-23T16:25:02.577Z,46.85824,
2020-01-23T16:30:02.630Z,46.85824,
2020-01-23T16:35:02.600Z,47.26784,
2020-01-23T16:40:02.618Z,47.34976,
2020-01-23T16:45:02.634Z,47.34976,
2020-01-23T16:50:02.654Z,47.34976,
2020-01-23T16:55:02.656Z,47.34976,
2020-01-23T17:00:02.686Z,47.45216,
2020-01-23T17:05:02.693Z,47.37024,
2020-01-23T17:10:02.710Z,47.34976,
2020-01-23T17:15:02.727Z,47.24736,
2020-01-23T17:20:02.731Z,47.43168,
2020-01-23T17:25:02.749Z,47.26784,
2020-01-23T17:30:02.779Z,47.34976,
2020-01-23T17:35:02.798Z,46.63296,
2020-01-23T17:40:02.803Z,47.22688,
2020-01-23T17:45:02.825Z,47.18592,
2020-01-23T17:50:02.844Z,47.34976,
2020-01-23T17:55:02.844Z,47.4112,
2020-01-23T18:00:02.869Z,47.18592,
2020-01-23T18:05:02.871Z,47.43168,
2020-01-23T18:10:02.898Z,47.5136,
2020-01-23T18:15:02.918Z,47.39072,
2020-01-23T18:20:02.922Z,46.8992,
2020-01-23T18:25:02.942Z,47.34976,
2020-01-23T18:30:02.977Z,47.18592,
2020-01-23T18:35:02.969Z,47.26784,
2020-01-23T18:40:02.984Z,47.26784,
2020-01-23T18:45:03.004Z,47.26784,
2020-01-23T18:50:03.028Z,47.104,
2020-01-23T18:55:03.039Z,47.34976,
2020-01-23T19:00:03.048Z,47.34976,
2020-01-23T19:05:03.086Z,47.26784,
2020-01-23T19:10:03.095Z,47.34976,
2020-01-23T19:15:03.096Z,49.27488,
2020-01-23T19:20:03.098Z,47.32928,
2020-01-23T19:25:03.119Z,47.34976,
2020-01-23T19:30:03.155Z,47.34976,
2020-01-23T19:35:03.148Z,47.26784,
2020-01-23T19:40:03.171Z,47.26784,
2020-01-23T19:45:03.187Z,47.34976,
2020-01-23T19:50:03.194Z,47.34976,
2020-01-23T19:55:03.205Z,47.34976,
2020-01-23T20:00:03.235Z,30.63808,
2020-01-23T20:05:03.238Z,45.75232,
2020-01-23T20:10:03.275Z,46.44864,
2020-01-23T20:15:02.292Z,47.24736,
2020-01-23T20:20:02.274Z,41.12384,
2020-01-23T20:25:02.284Z,45.62944,
2020-01-23T20:30:02.324Z,47.26784,
2020-01-23T20:35:02.353Z,47.02208,
2020-01-23T20:40:02.355Z,47.18592,
2020-01-23T20:45:02.381Z,47.47264,
2020-01-23T20:50:02.379Z,47.34976,
2020-01-23T20:55:02.389Z,47.43168,
2020-01-23T21:00:02.447Z,47.3088,
2020-01-23T21:05:02.430Z,47.34976,
2020-01-23T21:10:02.465Z,47.26784,
2020-01-23T21:15:02.451Z,47.32928,
2020-01-23T21:20:02.494Z,47.32928,
2020-01-23T21:25:02.489Z,46.6944,
2020-01-23T21:30:02.530Z,45.056,
2020-01-23T21:35:02.536Z,46.61248,
2020-01-23T21:40:02.552Z,45.38368,
2020-01-23T21:45:02.555Z,47.26784,
2020-01-23T21:50:02.577Z,45.32224,
2020-01-23T21:55:02.599Z,47.43168,
2020-01-23T22:00:02.609Z,47.32928,
2020-01-23T22:05:02.629Z,47.34976,
2020-01-23T22:10:02.642Z,46.61248,
2020-01-23T22:15:02.653Z,47.28832,
2020-01-23T22:20:02.668Z,47.02208,
2020-01-23T22:25:02.680Z,47.26784,
2020-01-23T22:30:02.736Z,47.59552,
2020-01-23T22:35:02.719Z,47.34976,
2020-01-23T22:40:02.737Z,47.26784,
2020-01-23T22:45:02.727Z,47.26784,
2020-01-23T22:50:02.746Z,47.34976,
2020-01-23T22:55:02.771Z,47.26784,
2020-01-23T23:00:02.780Z,46.7968,
2020-01-23T23:05:02.801Z,46.6944,
2020-01-23T23:10:02.810Z,47.26784,
2020-01-23T23:15:02.815Z,47.26784,
2020-01-23T23:20:02.850Z,47.34976,
2020-01-23T23:25:02.851Z,47.34976,
2020-01-23T23:30:02.872Z,48.00512,
2020-01-23T23:35:02.862Z,47.37024,
2020-01-23T23:40:02.907Z,47.22688,
2020-01-23T23:45:02.901Z,45.44512,
2020-01-23T23:50:02.925Z,47.43168,
2020-01-23T23:55:02.950Z,47.26784,
2020-01-24T00:00:02.970Z,47.57504,
2020-01-24T00:05:02.952Z,47.37024,
2020-01-24T00:10:02.988Z,47.88224,
2020-01-24T00:15:02.989Z,47.43168,
2020-01-24T00:20:03.028Z,45.4656,
2020-01-24T00:25:03.035Z,47.43168,
2020-01-24T00:30:03.070Z,47.26784,
2020-01-24T00:35:03.058Z,47.26784,
2020-01-24T00:40:03.077Z,46.46912,
2020-01-24T00:45:03.096Z,47.37024,
2020-01-24T00:50:03.099Z,47.34976,
2020-01-24T00:55:03.136Z,47.34976,
2020-01-24T01:00:03.134Z,47.26784,
2020-01-24T01:05:03.137Z,47.08352,
2020-01-24T01:10:03.185Z,47.43168,
2020-01-24T01:15:03.193Z,47.37024,
2020-01-24T01:20:03.203Z,47.26784,
2020-01-24T01:25:03.232Z,48.08704,
2020-01-24T01:30:03.257Z,47.65696,
2020-01-24T01:35:03.230Z,47.34976,
2020-01-24T01:40:03.248Z,47.26784,
2020-01-24T01:45:03.263Z,47.5136,
2020-01-24T01:50:02.304Z,47.34976,
2020-01-24T01:55:02.315Z,47.39072,
2020-01-24T02:00:02.334Z,47.34976,
2020-01-24T02:05:02.340Z,47.3088,
2020-01-24T02:10:02.344Z,47.43168,
2020-01-24T02:15:02.361Z,47.45216,
2020-01-24T02:20:02.367Z,45.89568,
2020-01-24T02:25:02.372Z,47.34976,
2020-01-24T02:30:02.405Z,47.3088,
2020-01-24T02:35:02.424Z,47.26784,
2020-01-24T02:40:02.435Z,47.5136,
2020-01-24T02:45:02.453Z,47.37024,
2020-01-24T02:50:02.468Z,47.26784,
2020-01-24T02:55:02.458Z,47.34976,
2020-01-24T03:00:02.505Z,47.32928,
2020-01-24T03:05:02.505Z,47.26784,
2020-01-24T03:10:02.528Z,46.51008,
2020-01-24T03:15:02.542Z,47.26784,
2020-01-24T03:20:02.560Z,48.2304,
2020-01-24T03:25:02.571Z,47.34976,
2020-01-24T03:30:02.579Z,47.34976,
2020-01-24T03:35:02.596Z,47.32928,
2020-01-24T03:40:02.609Z,47.34976,
2020-01-24T03:45:02.619Z,47.34976,
2020-01-24T03:50:02.652Z,47.28832,
2020-01-24T03:55:02.667Z,47.34976,
2020-01-24T04:00:02.682Z,46.53056,
2020-01-24T04:05:02.701Z,47.43168,
2020-01-24T04:10:02.704Z,47.3088,
2020-01-24T04:15:02.714Z,47.43168,
2020-01-24T04:20:02.726Z,47.34976,
2020-01-24T04:25:02.759Z,47.5136,
2020-01-24T04:30:02.799Z,46.85824,
2020-01-24T04:35:02.787Z,47.26784,
2020-01-24T04:40:02.790Z,47.39072,
2020-01-24T04:45:02.800Z,47.34976,
2020-01-24T04:50:02.809Z,47.43168,
2020-01-24T04:55:02.835Z,47.39072,
2020-01-24T05:00:02.833Z,47.26784,
2020-01-24T05:05:02.857Z,47.34976,
2020-01-24T05:10:02.883Z,47.26784,
2020-01-24T05:15:02.895Z,47.34976,
2020-01-24T05:20:02.899Z,47.34976,
2020-01-24T05:25:02.914Z,47.18592,
2020-01-24T05:30:02.927Z,47.32928,
2020-01-24T05:35:02.940Z,47.34976,
2020-01-24T05:40:02.953Z,47.34976,
2020-01-24T05:45:02.972Z,47.34976,
2020-01-24T05:50:02.989Z,47.2064,
2020-01-24T05:55:03.014Z,47.16544,
2020-01-24T06:00:03.048Z,47.37024,
2020-01-24T06:05:03.040Z,47.18592,
2020-01-24T06:10:03.037Z,36.6592,
2020-01-24T06:15:03.059Z,47.26784,
2020-01-24T06:20:03.073Z,46.24384,
2020-01-24T06:25:03.101Z,47.3088,
2020-01-24T06:30:03.115Z,48.18944,
2020-01-24T06:35:03.140Z,47.34976,
2020-01-24T06:40:03.144Z,47.43168,
2020-01-24T06:45:03.159Z,47.86176,
2020-01-24T06:50:03.162Z,47.26784,
2020-01-24T06:55:03.189Z,47.104,
2020-01-24T07:00:03.196Z,48.41472,
2020-01-24T07:05:03.201Z,47.32928,
2020-01-24T07:10:03.231Z,47.34976,
2020-01-24T07:15:03.236Z,47.24736,
2020-01-24T07:20:03.272Z,47.3088,
2020-01-24T07:25:03.272Z,47.26784,
2020-01-24T07:30:02.298Z,47.32928,
2020-01-24T07:35:02.294Z,47.34976,
2020-01-24T07:40:02.326Z,47.28832,
2020-01-24T07:45:02.338Z,47.4112,
2020-01-24T07:50:02.350Z,47.28832,
2020-01-24T07:55:02.355Z,47.43168,
2020-01-24T08:00:02.390Z,47.26784,
2020-01-24T08:05:02.403Z,47.32928,
2020-01-24T08:10:02.437Z,47.28832,
2020-01-24T08:15:02.429Z,47.3088,
2020-01-24T08:20:02.453Z,47.34976,
2020-01-24T08:25:02.460Z,47.28832,
2020-01-24T08:30:02.476Z,47.34976,
2020-01-24T08:35:02.495Z,47.26784,
2020-01-24T08:40:02.513Z,47.5136,
2020-01-24T08:45:02.516Z,47.26784,
2020-01-24T08:50:02.554Z,47.43168,
2020-01-24T08:55:02.534Z,47.43168,
2020-01-24T09:00:02.570Z,47.34976,
2020-01-24T09:05:02.567Z,47.26784,
2020-01-24T09:10:02.577Z,47.34976,
2020-01-24T09:15:02.593Z,47.22688,
2020-01-24T09:20:02.611Z,47.26784,
2020-01-24T09:25:02.646Z,47.26784,
2020-01-24T09:30:02.646Z,47.3088,
2020-01-24T09:35:02.619Z,47.34976,
2020-01-24T09:40:02.672Z,47.45216,
2020-01-24T09:45:02.681Z,46.75584,
2020-01-24T09:50:02.758Z,35.2256,
2020-01-24T09:55:02.711Z,36.6592,
2020-01-24T10:00:02.739Z,26.86976,
2020-01-24T10:05:02.728Z,45.056,
2020-01-24T10:10:02.769Z,23.59296,
2020-01-24T10:15:02.780Z,32.52224,
2020-01-24T10:20:02.804Z,35.7376,
2020-01-24T10:25:02.806Z,32.19456,
2020-01-24T10:30:02.833Z,34.4064,
2020-01-24T10:35:02.851Z,32.99328,
2020-01-24T10:40:02.849Z,22.36416,
2020-01-24T10:45:02.861Z,34.34496,
2020-01-24T10:50:02.874Z,34.57024,
2020-01-24T10:55:02.893Z,47.37024,
2020-01-24T11:00:02.914Z,41.69728,
2020-01-24T11:05:02.923Z,47.04256,
2020-01-24T11:10:02.924Z,47.34976,
2020-01-24T11:15:02.942Z,29.0816,
2020-01-24T11:20:02.985Z,37.5808,
2020-01-24T11:25:03.000Z,30.16704,
2020-01-24T11:30:03.012Z,47.24736,
2020-01-24T11:35:03.030Z,47.26784,
2020-01-24T11:40:03.051Z,47.43168,
2020-01-24T11:45:03.056Z,47.26784,
2020-01-24T11:50:03.076Z,47.37024,
2020-01-24T11:55:03.117Z,47.34976,
2020-01-24T12:00:03.099Z,-1,
2020-01-24T12:05:03.119Z,-1,
2020-01-24T12:10:03.139Z,-1,
2020-01-24T12:15:03.154Z,-1,
2020-01-24T12:20:03.136Z,-1,
2020-01-24T12:25:03.153Z,-1,
2020-01-24T12:30:03.184Z,-1,
2020-01-24T12:35:03.191Z,-1,
2020-01-24T12:40:03.194Z,-1,
2020-01-24T12:45:03.224Z,-1,
2020-01-24T12:50:03.241Z,-1,
2020-01-24T12:55:03.257Z,-1,
2020-01-24T13:00:03.276Z,47.5136,
2020-01-24T13:05:02.257Z,47.37024,
2020-01-24T13:10:02.285Z,46.03904,
2020-01-24T13:15:02.304Z,46.61248,
2020-01-24T13:20:02.335Z,47.18592,
2020-01-24T13:25:02.360Z,47.34976,
2020-01-24T13:30:02.363Z,47.32928,
2020-01-24T13:35:02.374Z,47.34976,
2020-01-24T13:40:02.378Z,47.26784,
2020-01-24T13:45:02.385Z,47.43168,
2020-01-24T13:50:02.406Z,47.616,
2020-01-24T13:55:02.442Z,47.43168,
2020-01-24T14:00:02.439Z,47.37024,
2020-01-24T14:05:02.461Z,47.24736,
2020-01-24T14:10:02.498Z,47.26784,
2020-01-24T14:15:02.491Z,47.22688,
2020-01-24T14:20:02.518Z,47.18592,
2020-01-24T14:25:02.520Z,47.34976,
2020-01-24T14:30:02.515Z,47.43168,
2020-01-24T14:35:02.554Z,47.34976,
2020-01-24T14:40:02.566Z,47.26784,
2020-01-24T14:45:02.568Z,47.43168,
2020-01-24T14:50:02.615Z,47.43168,
2020-01-24T14:55:02.630Z,47.34976,
2020-01-24T15:00:02.618Z,47.24736,
2020-01-24T15:05:02.628Z,47.34976,
2020-01-24T15:10:02.658Z,46.61248,
2020-01-24T15:15:02.655Z,47.43168,
2020-01-24T15:20:02.680Z,47.28832,
2020-01-24T15:25:02.683Z,47.34976,
2020-01-24T15:30:02.713Z,47.34976,
2020-01-24T15:35:02.719Z,47.43168,
2020-01-24T15:40:02.726Z,47.2064,
2020-01-24T15:45:02.738Z,47.67744,
2020-01-24T15:50:02.772Z,47.43168,
2020-01-24T15:55:02.792Z,47.5136,
2020-01-24T16:00:02.810Z,47.34976,
2020-01-24T16:05:02.821Z,47.18592,
2020-01-24T16:10:02.825Z,47.39072,
2020-01-24T16:15:02.850Z,47.18592,
2020-01-24T16:20:02.855Z,47.43168,
2020-01-24T16:25:02.901Z,46.1824,
2020-01-24T16:30:02.891Z,47.39072,
2020-01-24T16:35:02.901Z,47.34976,
2020-01-24T16:40:02.931Z,47.26784,
2020-01-24T16:45:02.938Z,47.26784,
2020-01-24T16:50:02.958Z,46.51008,
2020-01-24T16:55:02.957Z,47.43168,
2020-01-24T17:00:02.982Z,47.37024,
2020-01-24T17:05:03.004Z,47.104,
2020-01-24T17:10:03.033Z,47.26784,
2020-01-24T17:15:03.037Z,47.616,
2020-01-24T17:20:03.043Z,47.5136,
2020-01-24T17:25:03.052Z,47.24736,
2020-01-24T17:30:03.081Z,48.82432,
2020-01-24T17:35:03.090Z,47.34976,
2020-01-24T17:40:03.077Z,47.34976,
2020-01-24T17:45:03.113Z,47.34976,
2020-01-24T17:50:03.119Z,47.26784,
2020-01-24T17:55:03.149Z,47.3088,
2020-01-24T18:00:03.145Z,46.44864,
2020-01-24T18:05:03.149Z,47.43168,
2020-01-24T18:10:03.176Z,48.00512,
2020-01-24T18:15:03.197Z,47.34976,
2020-01-24T18:20:03.214Z,47.43168,
2020-01-24T18:25:03.239Z,47.43168,
2020-01-24T18:30:03.248Z,47.28832,
2020-01-24T18:35:03.233Z,46.61248,
2020-01-24T18:40:03.261Z,47.34976,
2020-01-24T18:45:02.295Z,47.34976,
2020-01-24T18:50:02.287Z,47.34976,
2020-01-24T18:55:02.296Z,47.26784,
2020-01-24T19:00:02.349Z,46.2848,
2020-01-24T19:05:02.358Z,47.34976,
2020-01-24T19:10:02.391Z,47.34976,
2020-01-24T19:15:02.410Z,47.34976,
2020-01-24T19:20:02.425Z,47.43168,
2020-01-24T19:25:02.453Z,47.75936,
2020-01-24T19:30:02.454Z,47.34976,
2020-01-24T19:35:02.489Z,47.3088,
2020-01-24T19:40:02.482Z,47.26784,
2020-01-24T19:45:02.516Z,47.2064,
2020-01-24T19:50:02.524Z,47.34976,
2020-01-24T19:55:02.549Z,47.34976,
2020-01-24T20:00:02.520Z,47.26784,
2020-01-24T20:05:02.547Z,47.47264,
2020-01-24T20:10:02.568Z,47.34976,
2020-01-24T20:15:02.585Z,47.34976,
2020-01-24T20:20:02.593Z,47.37024,
2020-01-24T20:25:02.635Z,47.32928,
2020-01-24T20:30:02.644Z,46.77632,
2020-01-24T20:35:02.642Z,47.34976,
2020-01-24T20:40:02.658Z,47.28832,
2020-01-24T20:45:02.672Z,46.94016,
2020-01-24T20:50:02.674Z,31.5392,
2020-01-24T20:55:02.740Z,28.2624,
2020-01-24T21:00:02.747Z,32.89088,
2020-01-24T21:05:02.761Z,47.26784,
2020-01-24T21:10:02.764Z,39.0144,
2020-01-24T21:15:02.769Z,33.9968,
2020-01-24T21:20:02.791Z,38.42048,
2020-01-24T21:25:02.815Z,47.2064,
2020-01-24T21:30:02.820Z,41.69728,
2020-01-24T21:35:02.861Z,47.26784,
2020-01-24T21:40:02.862Z,47.2064,
2020-01-24T21:45:02.873Z,47.26784,
2020-01-24T21:50:02.896Z,47.26784,
2020-01-24T21:55:02.906Z,47.26784,
2020-01-24T22:00:02.930Z,47.5136,
2020-01-24T22:05:02.929Z,47.22688,
2020-01-24T22:10:02.948Z,47.43168,
2020-01-24T22:15:02.963Z,46.94016,
2020-01-24T22:20:02.972Z,47.34976,
2020-01-24T22:25:03.012Z,47.43168,
2020-01-24T22:30:03.010Z,46.2848,
2020-01-24T22:35:03.005Z,47.34976,
2020-01-24T22:40:03.021Z,47.34976,
2020-01-24T22:45:03.033Z,47.9232,
2020-01-24T22:50:03.050Z,47.18592,
2020-01-24T22:55:03.062Z,47.34976,
2020-01-24T23:00:03.099Z,46.67392,
2020-01-24T23:05:03.106Z,47.34976,
2020-01-24T23:10:03.121Z,47.34976,
2020-01-24T23:15:03.135Z,47.2064,
2020-01-24T23:20:03.147Z,47.39072,
2020-01-24T23:25:03.150Z,47.24736,
2020-01-24T23:30:03.187Z,48.49664,
2020-01-24T23:35:03.191Z,47.43168,
2020-01-24T23:40:03.199Z,45.8752,
2020-01-24T23:45:03.221Z,47.26784,
2020-01-24T23:50:03.237Z,47.26784,
2020-01-24T23:55:03.269Z,47.26784,
2020-01-25T00:00:03.260Z,47.43168,
2020-01-25T00:05:03.259Z,47.34976,
2020-01-25T00:10:02.257Z,47.26784,
2020-01-25T00:15:02.292Z,47.18592,
2020-01-25T00:20:02.317Z,47.43168,
2020-01-25T00:25:02.337Z,47.3088,
2020-01-25T00:30:02.358Z,47.32928,
2020-01-25T00:35:02.358Z,47.34976,
2020-01-25T00:40:02.373Z,47.3088,
2020-01-25T00:45:02.404Z,47.26784,
2020-01-25T00:50:02.425Z,47.34976,
2020-01-25T00:55:02.430Z,46.61248,
2020-01-25T01:00:02.445Z,47.34976,
2020-01-25T01:05:02.459Z,47.34976,
2020-01-25T01:10:02.491Z,47.26784,
2020-01-25T01:15:02.484Z,47.37024,
2020-01-25T01:20:02.508Z,47.45216,
2020-01-25T01:25:02.533Z,47.34976,
2020-01-25T01:30:02.555Z,47.34976,
2020-01-25T01:35:02.556Z,47.5136,
2020-01-25T01:40:02.569Z,47.39072,
2020-01-25T01:45:02.575Z,47.37024,
2020-01-25T01:50:02.592Z,47.43168,
2020-01-25T01:55:02.610Z,47.22688,
2020-01-25T02:00:02.614Z,47.5136,
2020-01-25T02:05:02.634Z,47.18592,
2020-01-25T02:10:02.648Z,47.43168,
2020-01-25T02:15:02.685Z,47.34976,
2020-01-25T02:20:02.700Z,47.2064,
2020-01-25T02:25:02.703Z,47.34976,
2020-01-25T02:30:02.731Z,47.43168,
2020-01-25T02:35:02.734Z,47.43168,
2020-01-25T02:40:02.743Z,46.94016,
2020-01-25T02:45:02.792Z,47.34976,
2020-01-25T02:50:02.809Z,48.35328,
2020-01-25T02:55:02.825Z,47.43168,
2020-01-25T03:00:02.818Z,47.28832,
2020-01-25T03:05:02.829Z,47.3088,
2020-01-25T03:10:02.834Z,47.49312,
2020-01-25T03:15:02.855Z,47.34976,
2020-01-25T03:20:02.873Z,47.34976,
2020-01-25T03:25:02.879Z,47.06304,
2020-01-25T03:30:02.903Z,47.34976,
2020-01-25T03:35:02.927Z,47.43168,
2020-01-25T03:40:02.944Z,47.34976,
2020-01-25T03:45:02.964Z,47.2064,
2020-01-25T03:50:02.938Z,47.34976,
2020-01-25T03:55:02.957Z,47.26784,
2020-01-25T04:00:02.981Z,47.08352,
2020-01-25T04:05:02.992Z,47.26784,
2020-01-25T04:10:03.026Z,47.12448,
2020-01-25T04:15:03.024Z,47.34976,
2020-01-25T04:20:03.051Z,47.37024,
2020-01-25T04:25:03.074Z,47.43168,
2020-01-25T04:30:03.069Z,47.18592,
2020-01-25T04:35:03.090Z,46.20288,
2020-01-25T04:40:03.103Z,47.37024,
2020-01-25T04:45:03.118Z,47.2064,
2020-01-25T04:50:03.138Z,47.5136,
2020-01-25T04:55:03.145Z,46.85824,
2020-01-25T05:00:03.175Z,46.61248,
2020-01-25T05:05:03.187Z,47.4112,
2020-01-25T05:10:03.201Z,46.87872,
2020-01-25T05:15:03.203Z,47.43168,
2020-01-25T05:20:03.238Z,47.43168,
2020-01-25T05:25:03.249Z,47.45216,
2020-01-25T05:30:03.269Z,47.24736,
2020-01-25T05:35:03.289Z,47.02208,
2020-01-25T05:40:02.301Z,47.37024,
2020-01-25T05:45:02.299Z,47.26784,
2020-01-25T05:50:02.322Z,47.3088,
2020-01-25T05:55:02.357Z,45.28128,
2020-01-25T06:00:02.357Z,47.22688,
2020-01-25T06:05:02.372Z,47.39072,
2020-01-25T06:10:02.389Z,46.91968,
2020-01-25T06:15:02.411Z,47.34976,
2020-01-25T06:20:02.423Z,48.47616,
2020-01-25T06:25:02.416Z,48.88576,
2020-01-25T06:30:02.427Z,47.45216,
2020-01-25T06:35:02.438Z,47.43168,
2020-01-25T06:40:02.468Z,47.37024,
2020-01-25T06:45:02.484Z,47.39072,
2020-01-25T06:50:02.489Z,47.34976,
2020-01-25T06:55:02.507Z,47.47264,
2020-01-25T07:00:02.513Z,47.37024,
2020-01-25T07:05:02.546Z,47.18592,
2020-01-25T07:10:02.554Z,47.18592,
2020-01-25T07:15:02.572Z,47.26784,
2020-01-25T07:20:02.560Z,47.26784,
2020-01-25T07:25:02.603Z,47.18592,
2020-01-25T07:30:02.621Z,47.32928,
2020-01-25T07:35:02.642Z,47.37024,
2020-01-25T07:40:02.640Z,47.26784,
2020-01-25T07:45:02.649Z,47.28832,
2020-01-25T07:50:02.681Z,47.34976,
2020-01-25T07:55:02.695Z,47.34976,
2020-01-25T08:00:02.718Z,47.26784,
2020-01-25T08:05:02.734Z,47.4112,
2020-01-25T08:10:02.744Z,47.26784,
2020-01-25T08:15:02.762Z,47.34976,
2020-01-25T08:20:02.773Z,47.28832,
2020-01-25T08:25:02.772Z,47.43168,
2020-01-25T08:30:02.806Z,45.89568,
2020-01-25T08:35:02.796Z,47.26784,
2020-01-25T08:40:02.841Z,47.34976,
2020-01-25T08:45:02.846Z,47.57504,
2020-01-25T08:50:02.854Z,47.3088,
2020-01-25T08:55:02.894Z,49.152,
2020-01-25T09:00:02.898Z,47.2064,
2020-01-25T09:05:02.883Z,47.34976,
2020-01-25T09:10:02.895Z,47.32928,
2020-01-25T09:15:02.914Z,47.43168,
2020-01-25T09:20:02.934Z,47.26784,
2020-01-25T09:25:02.948Z,47.3088,
2020-01-25T09:30:02.966Z,47.43168,
2020-01-25T09:35:02.963Z,47.24736,
2020-01-25T09:40:02.992Z,47.34976,
2020-01-25T09:45:02.992Z,47.43168,
2020-01-25T09:50:03.033Z,47.34976,
2020-01-25T09:55:03.050Z,47.5136,
2020-01-25T10:00:03.061Z,47.24736,
2020-01-25T10:05:03.056Z,47.34976,
2020-01-25T10:10:03.081Z,47.2064,
2020-01-25T10:15:03.093Z,47.43168,
2020-01-25T10:20:03.122Z,47.34976,
2020-01-25T10:25:03.155Z,45.95712,
2020-01-25T10:30:03.159Z,47.26784,
2020-01-25T10:35:03.141Z,47.39072,
2020-01-25T10:40:03.162Z,47.28832,
2020-01-25T10:45:03.178Z,44.40064,
2020-01-25T10:50:03.204Z,47.26784,
2020-01-25T10:55:03.215Z,34.57024,
2020-01-25T11:00:03.221Z,47.3088,
2020-01-25T11:05:03.235Z,45.4656,
2020-01-25T11:10:03.255Z,46.77632,
2020-01-25T11:15:02.263Z,36.61824,
2020-01-25T11:20:02.380Z,43.9296,
2020-01-25T11:25:02.376Z,38.89152,
2020-01-25T11:30:02.605Z,33.01376,
2020-01-25T11:35:02.609Z,46.26432,
2020-01-25T11:40:02.633Z,32.11264,
2020-01-25T11:45:02.631Z,31.9488,
2020-01-25T11:50:02.694Z,31.86688,
2020-01-25T11:55:02.689Z,43.66336,
2020-01-25T12:00:02.683Z,47.18592,
2020-01-25T12:05:02.721Z,46.77632,
2020-01-25T12:10:02.718Z,47.18592,
2020-01-25T12:15:02.735Z,47.34976,
2020-01-25T12:20:02.749Z,47.18592,
2020-01-25T12:25:02.752Z,47.37024,
2020-01-25T12:30:02.792Z,47.3088,
2020-01-25T12:35:02.794Z,47.90272,
2020-01-25T12:40:02.814Z,47.34976,
2020-01-25T12:45:02.819Z,47.43168,
2020-01-25T12:50:02.820Z,47.34976,
2020-01-25T12:55:02.842Z,48.27136,
2020-01-25T13:00:02.861Z,47.34976,
2020-01-25T13:05:02.899Z,47.5136,
2020-01-25T13:10:02.893Z,47.24736,
2020-01-25T13:15:02.910Z,47.43168,
2020-01-25T13:20:02.956Z,47.37024,
2020-01-25T13:25:02.937Z,47.22688,
2020-01-25T13:30:02.960Z,47.32928,
2020-01-25T13:35:02.971Z,47.34976,
2020-01-25T13:40:02.971Z,47.39072,
2020-01-25T13:45:03.002Z,47.5136,
2020-01-25T13:50:03.018Z,47.37024,
2020-01-25T13:55:03.043Z,47.28832,
2020-01-25T14:00:03.053Z,47.26784,
2020-01-25T14:05:03.061Z,47.34976,
2020-01-25T14:10:03.077Z,47.34976,
2020-01-25T14:15:03.087Z,47.2064,
2020-01-25T14:20:03.107Z,47.104,
2020-01-25T14:25:03.124Z,46.44864,
2020-01-25T14:30:03.152Z,47.43168,
2020-01-25T14:35:03.152Z,47.34976,
2020-01-25T14:40:03.175Z,47.34976,
2020-01-25T14:45:03.189Z,47.34976,
2020-01-25T14:50:03.201Z,47.37024,
2020-01-25T14:55:03.209Z,47.53408,
2020-01-25T15:00:03.231Z,47.43168,
2020-01-25T15:05:03.260Z,47.34976,
2020-01-25T15:10:03.239Z,47.43168,
2020-01-25T15:15:03.280Z,47.77984,
2020-01-25T15:20:02.300Z,47.26784,
2020-01-25T15:25:02.297Z,47.39072,
2020-01-25T15:30:02.330Z,47.34976,
2020-01-25T15:35:02.330Z,47.26784,
2020-01-25T15:40:02.349Z,47.34976,
2020-01-25T15:45:02.365Z,47.43168,
2020-01-25T15:50:02.383Z,47.34976,
2020-01-25T15:55:02.409Z,47.69792,
2020-01-25T16:00:02.404Z,47.43168,
2020-01-25T16:05:02.409Z,47.5136,
2020-01-25T16:10:02.433Z,47.02208,
2020-01-25T16:15:02.452Z,47.45216,
2020-01-25T16:20:02.502Z,47.5136,
2020-01-25T16:25:02.494Z,47.22688,
2020-01-25T16:30:02.521Z,47.34976,
2020-01-25T16:35:02.516Z,47.37024,
2020-01-25T16:40:02.537Z,47.3088,
2020-01-25T16:45:02.547Z,46.61248,
2020-01-25T16:50:02.560Z,47.26784,
2020-01-25T16:55:02.581Z,47.34976,
2020-01-25T17:00:02.602Z,47.32928,
2020-01-25T17:05:02.615Z,47.34976,
2020-01-25T17:10:02.624Z,47.34976,
2020-01-25T17:15:02.638Z,47.34976,
2020-01-25T17:20:02.660Z,47.43168,
2020-01-25T17:25:02.673Z,47.32928,
2020-01-25T17:30:02.702Z,48.2304,
2020-01-25T17:35:02.696Z,47.34976,
2020-01-25T17:40:02.728Z,47.34976,
2020-01-25T17:45:02.735Z,47.34976,
2020-01-25T17:50:02.748Z,47.34976,
2020-01-25T17:55:02.748Z,47.34976,
2020-01-25T18:00:02.787Z,46.592,
2020-01-25T18:05:02.775Z,47.43168,
2020-01-25T18:10:02.798Z,47.28832,
2020-01-25T18:15:02.814Z,47.28832,
2020-01-25T18:20:02.820Z,47.26784,
2020-01-25T18:25:02.828Z,47.26784,
2020-01-25T18:30:02.874Z,47.34976,
2020-01-25T18:35:02.879Z,47.43168,
2020-01-25T18:40:02.885Z,47.28832,
2020-01-25T18:45:02.901Z,46.44864,
2020-01-25T18:50:02.925Z,48.3328,
2020-01-25T18:55:02.936Z,47.37024,
2020-01-25T19:00:02.946Z,47.34976,
2020-01-25T19:05:02.970Z,47.34976,
2020-01-25T19:10:02.983Z,47.4112,
2020-01-25T19:15:03.000Z,47.34976,
2020-01-25T19:20:03.024Z,47.26784,
2020-01-25T19:25:03.004Z,47.28832,
2020-01-25T19:30:03.058Z,47.43168,
2020-01-25T19:35:03.050Z,47.26784,
2020-01-25T19:40:03.049Z,47.18592,
2020-01-25T19:45:03.061Z,47.18592,
2020-01-25T19:50:03.088Z,45.8752,
2020-01-25T19:55:03.106Z,47.18592,
2020-01-25T20:00:03.126Z,46.85824,
2020-01-25T20:05:03.125Z,47.26784,
2020-01-25T20:10:03.144Z,47.26784,
2020-01-25T20:15:03.166Z,47.34976,
2020-01-25T20:20:03.177Z,47.37024,
2020-01-25T20:25:03.183Z,47.26784,
2020-01-25T20:30:03.225Z,47.34976,
2020-01-25T20:35:03.237Z,47.24736,
2020-01-25T20:40:03.251Z,47.26784,
2020-01-25T20:45:03.251Z,47.34976,
2020-01-25T20:50:03.290Z,47.12448,
2020-01-25T20:55:02.292Z,47.616,
2020-01-25T21:00:02.296Z,47.34976,
2020-01-25T21:05:02.320Z,45.40416,
2020-01-25T21:10:02.330Z,47.26784,
2020-01-25T21:15:02.354Z,47.26784,
2020-01-25T21:20:02.371Z,47.18592,
2020-01-25T21:25:02.384Z,47.34976,
2020-01-25T21:30:02.408Z,47.0016,
2020-01-25T21:35:02.394Z,46.7968,
2020-01-25T21:40:02.416Z,46.87872,
2020-01-25T21:45:02.444Z,47.104,
2020-01-25T21:50:02.462Z,43.02848,
2020-01-25T21:55:02.466Z,47.34976,
2020-01-25T22:00:02.469Z,47.34976,
2020-01-25T22:05:02.487Z,32.39936,
2020-01-25T22:10:02.509Z,40.05888,
2020-01-25T22:15:02.509Z,36.37248,
2020-01-25T22:20:02.557Z,47.18592,
2020-01-25T22:25:02.542Z,44.2368,
2020-01-25T22:30:02.561Z,47.63648,
2020-01-25T22:35:02.577Z,47.39072,
2020-01-25T22:40:02.595Z,47.26784,
2020-01-25T22:45:02.621Z,39.40352,
2020-01-25T22:50:02.614Z,47.18592,
2020-01-25T22:55:02.620Z,47.3088,
2020-01-25T23:00:02.658Z,47.26784,
2020-01-25T23:05:02.675Z,47.34976,
2020-01-25T23:10:02.693Z,46.94016,
2020-01-25T23:15:02.704Z,47.34976,
2020-01-25T23:20:02.711Z,47.32928,
2020-01-25T23:25:02.731Z,48.0256,
2020-01-25T23:30:02.732Z,47.37024,
2020-01-25T23:35:02.748Z,47.43168,
2020-01-25T23:40:02.787Z,46.2848,
2020-01-25T23:45:02.785Z,47.43168,
2020-01-25T23:50:02.827Z,47.18592,
2020-01-25T23:55:02.820Z,47.43168,
2020-01-26T00:00:02.837Z,47.26784,
2020-01-26T00:05:02.856Z,47.34976,
2020-01-26T00:10:02.867Z,47.86176,
2020-01-26T00:15:02.884Z,47.45216,
2020-01-26T00:20:02.884Z,47.34976,
2020-01-26T00:25:02.915Z,47.47264,
2020-01-26T00:30:02.928Z,47.3088,
2020-01-26T00:35:02.935Z,46.94016,
2020-01-26T00:40:02.927Z,47.43168,
2020-01-26T00:45:02.964Z,47.26784,
2020-01-26T00:50:02.983Z,47.34976,
2020-01-26T00:55:02.980Z,47.43168,
2020-01-26T01:00:02.993Z,47.34976,
2020-01-26T01:05:03.024Z,47.37024,
2020-01-26T01:10:03.040Z,48.16896,
2020-01-26T01:15:03.056Z,47.34976,
2020-01-26T01:20:03.096Z,47.26784,
2020-01-26T01:25:03.075Z,47.3088,
2020-01-26T01:30:03.099Z,47.26784,
2020-01-26T01:35:03.097Z,47.5136,
2020-01-26T01:40:03.110Z,47.26784,
2020-01-26T01:45:03.145Z,47.37024,
2020-01-26T01:50:03.131Z,47.34976,
2020-01-26T01:55:03.167Z,46.30528,
2020-01-26T02:00:03.179Z,47.4112,
2020-01-26T02:05:03.187Z,46.44864,
2020-01-26T02:10:03.195Z,47.5136,
2020-01-26T02:15:03.221Z,47.34976,
2020-01-26T02:20:03.235Z,47.28832,
2020-01-26T02:25:03.252Z,47.34976,
2020-01-26T02:30:03.289Z,47.34976,
2020-01-26T02:35:02.281Z,47.34976,
2020-01-26T02:40:02.287Z,48.25088,
2020-01-26T02:45:02.306Z,47.26784,
2020-01-26T02:50:02.346Z,47.26784,
2020-01-26T02:55:02.350Z,47.34976,
2020-01-26T03:00:02.358Z,47.34976,
2020-01-26T03:05:02.379Z,47.43168,
2020-01-26T03:10:02.379Z,47.34976,
2020-01-26T03:15:02.402Z,47.28832,
2020-01-26T03:20:02.404Z,47.34976,
2020-01-26T03:25:02.439Z,47.37024,
2020-01-26T03:30:02.442Z,47.43168,
2020-01-26T03:35:02.465Z,47.616,
2020-01-26T03:40:02.487Z,47.37024,
2020-01-26T03:45:02.498Z,46.05952,
2020-01-26T03:50:02.497Z,47.37024,
2020-01-26T03:55:02.534Z,47.26784,
2020-01-26T04:00:02.537Z,47.43168,
2020-01-26T04:05:02.559Z,47.34976,
2020-01-26T04:10:02.581Z,47.34976,
2020-01-26T04:15:02.592Z,46.6944,
2020-01-26T04:20:02.617Z,47.22688,
2020-01-26T04:25:02.606Z,47.39072,
2020-01-26T04:30:02.629Z,47.34976,
2020-01-26T04:35:02.653Z,47.55456,
2020-01-26T04:40:02.655Z,47.26784,
2020-01-26T04:45:02.677Z,47.28832,
2020-01-26T04:50:02.719Z,47.43168,
2020-01-26T04:55:02.719Z,47.26784,
2020-01-26T05:00:02.731Z,47.104,
2020-01-26T05:05:02.750Z,47.18592,
2020-01-26T05:10:02.771Z,47.18592,
2020-01-26T05:15:02.763Z,47.26784,
2020-01-26T05:20:02.776Z,48.82432,
2020-01-26T05:25:02.791Z,46.6944,
2020-01-26T05:30:02.817Z,47.34976,
2020-01-26T05:35:02.825Z,47.65696,
2020-01-26T05:40:02.839Z,47.5136,
2020-01-26T05:45:02.854Z,46.44864,
2020-01-26T05:50:02.884Z,47.14496,
2020-01-26T05:55:02.883Z,47.28832,
2020-01-26T06:00:02.906Z,47.02208,
2020-01-26T06:05:02.915Z,47.86176,
2020-01-26T06:10:02.943Z,47.34976,
2020-01-26T06:15:03.155Z,47.43168,
2020-01-26T06:20:03.103Z,47.43168,
2020-01-26T06:25:02.967Z,47.28832,
2020-01-26T06:30:03.005Z,45.71136,
2020-01-26T06:35:02.999Z,47.5136,
2020-01-26T06:40:03.031Z,48.16896,
2020-01-26T06:45:03.047Z,47.34976,
2020-01-26T06:50:03.071Z,47.43168,
2020-01-26T06:55:03.066Z,47.39072,
2020-01-26T07:00:03.071Z,48.35328,
2020-01-26T07:05:03.089Z,47.18592,
2020-01-26T07:10:03.092Z,47.43168,
2020-01-26T07:15:03.147Z,47.5136,
2020-01-26T07:20:03.160Z,48.16896,
2020-01-26T07:25:03.164Z,47.26784,
2020-01-26T07:30:03.201Z,47.34976,
2020-01-26T07:35:03.184Z,47.39072,
2020-01-26T07:40:03.204Z,47.45216,
2020-01-26T07:45:03.229Z,45.056,
2020-01-26T07:50:03.233Z,47.45216,
2020-01-26T07:55:03.257Z,46.2848,
2020-01-26T08:00:03.275Z,47.18592,
2020-01-26T08:05:02.301Z,45.71136,
2020-01-26T08:10:02.313Z,47.34976,
2020-01-26T08:15:02.315Z,47.28832,
2020-01-26T08:20:02.335Z,47.26784,
2020-01-26T08:25:02.338Z,47.26784,
2020-01-26T08:30:02.380Z,47.24736,
2020-01-26T08:35:02.393Z,47.24736,
2020-01-26T08:40:02.399Z,47.34976,
2020-01-26T08:45:02.416Z,47.34976,
2020-01-26T08:50:02.454Z,47.28832,
2020-01-26T08:55:02.449Z,46.61248,
2020-01-26T09:00:02.455Z,47.39072,
2020-01-26T09:05:02.468Z,47.18592,
2020-01-26T09:10:02.490Z,47.26784,
2020-01-26T09:15:02.496Z,47.34976,
2020-01-26T09:20:02.509Z,47.3088,
2020-01-26T09:25:02.526Z,47.26784,
2020-01-26T09:30:02.551Z,47.28832,
2020-01-26T09:35:02.534Z,47.34976,
2020-01-26T09:40:02.560Z,47.26784,
2020-01-26T09:45:02.589Z,46.94016,
2020-01-26T09:50:02.593Z,47.3088,
2020-01-26T09:55:02.616Z,47.104,
2020-01-26T10:00:02.628Z,47.34976,
2020-01-26T10:05:02.640Z,47.18592,
2020-01-26T10:10:02.644Z,47.34976,
2020-01-26T10:15:02.681Z,47.26784,
2020-01-26T10:20:02.706Z,47.37024,
2020-01-26T10:25:02.698Z,47.26784,
2020-01-26T10:30:02.720Z,47.28832,
2020-01-26T10:35:02.720Z,47.34976,
2020-01-26T10:40:02.739Z,47.34976,
2020-01-26T10:45:02.759Z,47.34976,
2020-01-26T10:50:02.751Z,48.7424,
2020-01-26T10:55:02.768Z,47.39072,
2020-01-26T11:00:02.794Z,47.22688,
2020-01-26T11:05:02.814Z,47.26784,
2020-01-26T11:10:02.837Z,47.43168,
2020-01-26T11:15:02.835Z,47.43168,
2020-01-26T11:20:02.871Z,47.43168,
2020-01-26T11:25:02.882Z,47.39072,
2020-01-26T11:30:02.945Z,46.96064,
2020-01-26T11:35:02.936Z,47.34976,
2020-01-26T11:40:02.934Z,47.2064,
2020-01-26T11:45:02.975Z,47.34976,
2020-01-26T11:50:02.983Z,47.43168,
2020-01-26T11:55:02.998Z,47.39072,
2020-01-26T12:00:02.996Z,47.43168,
2020-01-26T12:05:03.034Z,47.18592,
2020-01-26T12:10:03.028Z,47.43168,
2020-01-26T12:15:03.049Z,47.26784,
2020-01-26T12:20:03.069Z,47.5136,
2020-01-26T12:25:03.084Z,47.32928,
2020-01-26T12:30:03.123Z,47.34976,
2020-01-26T12:35:03.101Z,47.37024,
2020-01-26T12:40:03.132Z,47.34976,
2020-01-26T12:45:03.152Z,47.34976,
2020-01-26T12:50:03.157Z,47.34976,
2020-01-26T12:55:03.165Z,47.39072,
2020-01-26T13:00:03.191Z,46.8992,
2020-01-26T13:05:03.210Z,47.34976,
2020-01-26T13:10:03.190Z,47.43168,
2020-01-26T13:15:03.245Z,47.18592,
2020-01-26T13:20:03.226Z,48.4352,
2020-01-26T13:25:03.244Z,47.49312,
2020-01-26T13:30:03.284Z,47.43168,
2020-01-26T13:35:02.278Z,47.34976,
2020-01-26T13:40:02.308Z,47.34976,
2020-01-26T13:45:02.316Z,47.4112,
2020-01-26T13:50:02.317Z,47.26784,
2020-01-26T13:55:02.337Z,47.34976,
2020-01-26T14:00:02.355Z,47.4112,
2020-01-26T14:05:02.380Z,47.37024,
2020-01-26T14:10:02.396Z,47.24736,
2020-01-26T14:15:02.405Z,47.26784,
2020-01-26T14:20:02.416Z,47.47264,
2020-01-26T14:25:02.444Z,47.104,
2020-01-26T14:30:02.466Z,47.43168,
2020-01-26T14:35:02.472Z,47.26784,
2020-01-26T14:40:02.468Z,47.2064,
2020-01-26T14:45:02.520Z,47.32928,
2020-01-26T14:50:02.515Z,47.16544,
2020-01-26T14:55:02.549Z,47.34976,
2020-01-26T15:00:02.556Z,47.49312,
2020-01-26T15:05:02.542Z,47.43168,
2020-01-26T15:10:02.561Z,47.26784,
2020-01-26T15:15:02.589Z,47.43168,
2020-01-26T15:20:02.610Z,47.34976,
2020-01-26T15:25:02.624Z,47.45216,
2020-01-26T15:30:02.645Z,47.26784,
2020-01-26T15:35:02.656Z,47.45216,
2020-01-26T15:40:02.669Z,47.26784,
2020-01-26T15:45:02.652Z,47.37024,
2020-01-26T15:50:02.653Z,47.26784,
2020-01-26T15:55:02.697Z,47.43168,
2020-01-26T16:00:02.710Z,47.28832,
2020-01-26T16:05:02.727Z,47.3088,
2020-01-26T16:10:02.744Z,47.34976,
2020-01-26T16:15:02.781Z,47.34976,
2020-01-26T16:20:02.773Z,46.85824,
2020-01-26T16:25:02.777Z,47.26784,
2020-01-26T16:30:02.790Z,48.2304,
2020-01-26T16:35:02.821Z,47.26784,
2020-01-26T16:40:02.837Z,47.39072,
2020-01-26T16:45:02.835Z,47.34976,
2020-01-26T16:50:02.847Z,47.26784,
2020-01-26T16:55:02.876Z,47.43168,
2020-01-26T17:00:02.895Z,47.2064,
2020-01-26T17:05:02.900Z,47.34976,
2020-01-26T17:10:02.917Z,47.43168,
2020-01-26T17:15:02.921Z,47.37024,
2020-01-26T17:20:02.956Z,47.34976,
2020-01-26T17:25:02.968Z,47.34976,
2020-01-26T17:30:02.984Z,47.26784,
2020-01-26T17:35:02.991Z,47.34976,
2020-01-26T17:40:03.010Z,47.34976,
2020-01-26T17:45:03.037Z,47.26784,
2020-01-26T17:50:03.033Z,47.43168,
2020-01-26T17:55:03.041Z,46.85824,
2020-01-26T18:00:03.066Z,45.38368,
2020-01-26T18:05:03.071Z,47.43168,
2020-01-26T18:10:03.104Z,47.34976,
2020-01-26T18:15:03.118Z,47.3088,
2020-01-26T18:20:03.128Z,47.34976,
2020-01-26T18:25:03.128Z,47.43168,
2020-01-26T18:30:03.150Z,46.44864,
2020-01-26T18:35:03.164Z,47.26784,
2020-01-26T18:40:03.197Z,47.43168,
2020-01-26T18:45:03.205Z,47.37024,
2020-01-26T18:50:03.223Z,47.37024,
2020-01-26T18:55:03.228Z,47.12448,
2020-01-26T19:00:03.247Z,47.45216,
2020-01-26T19:05:03.262Z,47.26784,
2020-01-26T19:10:02.268Z,47.34976,
2020-01-26T19:15:02.302Z,47.45216,
2020-01-26T19:20:02.311Z,47.39072,
2020-01-26T19:25:02.327Z,47.28832,
2020-01-26T19:30:02.335Z,47.18592,
2020-01-26T19:35:02.363Z,47.34976,
2020-01-26T19:40:02.377Z,47.34976,
2020-01-26T19:45:02.399Z,47.32928,
2020-01-26T19:50:02.415Z,47.3088,
2020-01-26T19:55:02.427Z,47.96416,
2020-01-26T20:00:02.451Z,47.18592,
2020-01-26T20:05:02.472Z,47.43168,
2020-01-26T20:10:02.473Z,47.37024,
2020-01-26T20:15:02.479Z,47.26784,
2020-01-26T20:20:02.501Z,47.9232,
2020-01-26T20:25:02.516Z,47.26784,
2020-01-26T20:30:02.541Z,47.43168,
2020-01-26T20:35:02.551Z,47.34976,
2020-01-26T20:40:02.564Z,47.32928,
2020-01-26T20:45:02.610Z,47.34976,
2020-01-26T20:50:02.600Z,47.28832,
2020-01-26T20:55:02.592Z,47.18592,
2020-01-26T21:00:02.622Z,47.34976,
2020-01-26T21:05:02.632Z,47.43168,
2020-01-26T21:10:02.631Z,47.5136,
2020-01-26T21:15:02.674Z,44.8512,
2020-01-26T21:20:02.678Z,47.34976,
2020-01-26T21:25:02.708Z,47.34976,
2020-01-26T21:30:02.715Z,47.7184,
2020-01-26T21:35:02.732Z,47.34976,
2020-01-26T21:40:02.757Z,47.43168,
2020-01-26T21:45:02.767Z,47.4112,
2020-01-26T21:50:02.788Z,47.34976,
2020-01-26T21:55:02.794Z,47.26784,
2020-01-26T22:00:02.796Z,47.43168,
2020-01-26T22:05:02.808Z,46.81728,
2020-01-26T22:10:02.829Z,47.32928,
2020-01-26T22:15:02.877Z,47.3088,
2020-01-26T22:20:02.837Z,47.43168,
2020-01-26T22:25:02.880Z,47.26784,
2020-01-26T22:30:02.909Z,47.4112,
2020-01-26T22:35:02.912Z,47.26784,
2020-01-26T22:40:02.922Z,47.34976,
2020-01-26T22:45:02.940Z,47.45216,
2020-01-26T22:50:02.947Z,47.18592,
2020-01-26T22:55:02.967Z,47.43168,
2020-01-26T23:00:02.987Z,47.34976,
2020-01-26T23:05:03.001Z,47.28832,
2020-01-26T23:10:03.021Z,47.26784,
2020-01-26T23:15:03.014Z,47.26784,
2020-01-26T23:20:03.071Z,47.59552,
2020-01-26T23:25:03.052Z,47.18592,
2020-01-26T23:30:03.082Z,47.43168,
2020-01-26T23:35:03.096Z,47.18592,
2020-01-26T23:40:03.098Z,47.26784,
2020-01-26T23:45:03.136Z,47.26784,
2020-01-26T23:50:03.131Z,47.26784,
2020-01-26T23:55:03.145Z,47.34976,
2020-01-27T00:00:03.158Z,48.10752,
2020-01-27T00:05:03.181Z,47.34976,
2020-01-27T00:10:03.204Z,47.34976,
2020-01-27T00:15:03.197Z,47.02208,
2020-01-27T00:20:03.219Z,46.77632,
2020-01-27T00:25:03.236Z,47.37024,
2020-01-27T00:30:03.275Z,47.34976,
2020-01-27T00:35:03.258Z,30.55616,
2020-01-27T00:40:02.288Z,47.3088,
2020-01-27T00:45:02.298Z,47.34976,
2020-01-27T00:50:02.303Z,47.37024,
2020-01-27T00:55:02.337Z,29.98272,
2020-01-27T01:00:02.322Z,30.98624,
2020-01-27T01:05:02.337Z,40.57088,
2020-01-27T01:10:02.349Z,28.50816,
2020-01-27T01:15:02.403Z,30.39232,
2020-01-27T01:20:02.438Z,38.0928,
2020-01-27T01:25:02.439Z,47.34976,
2020-01-27T01:30:02.439Z,29.40928,
2020-01-27T01:35:02.447Z,38.25664,
2020-01-27T01:40:02.450Z,42.8032,
2020-01-27T01:45:02.472Z,27.8528,
2020-01-27T01:50:02.483Z,39.89504,
2020-01-27T01:55:02.508Z,31.45728,
2020-01-27T02:00:02.523Z,26.80832,
2020-01-27T02:05:02.528Z,46.05952,
2020-01-27T02:10:02.546Z,47.43168,
2020-01-27T02:15:02.546Z,47.39072,
2020-01-27T02:20:02.563Z,47.34976,
2020-01-27T02:25:02.590Z,47.18592,
2020-01-27T02:30:02.620Z,47.26784,
2020-01-27T02:35:02.621Z,47.26784,
2020-01-27T02:40:02.640Z,47.2064,
2020-01-27T02:45:02.667Z,47.26784,
2020-01-27T02:50:02.678Z,47.43168,
2020-01-27T02:55:02.673Z,47.84128,
2020-01-27T03:00:02.688Z,47.3088,
2020-01-27T03:05:02.714Z,47.26784,
2020-01-27T03:10:02.724Z,46.40768,
2020-01-27T03:15:02.730Z,47.16544,
2020-01-27T03:20:02.765Z,47.67744,
2020-01-27T03:25:02.765Z,42.68032,
2020-01-27T03:30:02.813Z,47.26784,
2020-01-27T03:35:02.807Z,47.26784,
2020-01-27T03:40:02.794Z,43.17184,
2020-01-27T03:45:02.835Z,47.34976,
2020-01-27T03:50:02.840Z,43.86816,
2020-01-27T03:55:02.857Z,47.43168,
2020-01-27T04:00:02.861Z,47.34976,
2020-01-27T04:05:02.890Z,47.43168,
2020-01-27T04:10:02.910Z,47.34976,
2020-01-27T04:15:02.954Z,46.6944,
2020-01-27T04:20:02.918Z,47.43168,
2020-01-27T04:25:02.940Z,47.37024,
2020-01-27T04:30:02.947Z,47.4112,
2020-01-27T04:35:02.989Z,47.18592,
2020-01-27T04:40:02.991Z,47.59552,
2020-01-27T04:45:03.033Z,47.26784,
2020-01-27T04:50:03.042Z,47.18592,
2020-01-27T04:55:03.039Z,47.34976,
2020-01-27T05:00:03.067Z,47.34976,
2020-01-27T05:05:03.080Z,47.28832,
2020-01-27T05:10:03.095Z,47.34976,
2020-01-27T05:15:03.101Z,47.34976,
2020-01-27T05:20:03.124Z,47.34976,
2020-01-27T05:25:03.140Z,47.26784,
2020-01-27T05:30:03.168Z,47.43168,
2020-01-27T05:35:03.158Z,47.67744,
2020-01-27T05:40:03.185Z,47.43168,
2020-01-27T05:45:03.218Z,47.26784,
2020-01-27T05:50:03.217Z,47.32928,
2020-01-27T05:55:03.233Z,47.37024,
2020-01-27T06:00:03.242Z,47.24736,
2020-01-27T06:05:03.249Z,48.3328,
2020-01-27T06:10:03.266Z,47.34976,
2020-01-27T06:15:02.277Z,47.26784,
2020-01-27T06:20:02.296Z,47.3088,
2020-01-27T06:25:02.311Z,47.2064,
2020-01-27T06:30:02.359Z,47.34976,
2020-01-27T06:35:02.359Z,47.34976,
2020-01-27T06:40:02.378Z,47.43168,
2020-01-27T06:45:02.392Z,47.34976,
2020-01-27T06:50:02.378Z,47.32928,
2020-01-27T06:55:02.399Z,46.77632,
2020-01-27T07:00:02.419Z,47.26784,
2020-01-27T07:05:02.438Z,47.34976,
2020-01-27T07:10:02.456Z,47.26784,
2020-01-27T07:15:02.478Z,47.39072,
2020-01-27T07:20:02.481Z,47.34976,
2020-01-27T07:25:02.495Z,47.43168,
2020-01-27T07:30:02.518Z,47.26784,
2020-01-27T07:35:02.523Z,47.43168,
2020-01-27T07:40:02.525Z,47.26784,
2020-01-27T07:45:02.561Z,47.24736,
2020-01-27T07:50:02.577Z,47.0016,
2020-01-27T07:55:02.587Z,47.34976,
2020-01-27T08:00:02.593Z,47.04256,
2020-01-27T08:05:02.598Z,47.08352,
2020-01-27T08:10:02.615Z,47.47264,
2020-01-27T08:15:02.637Z,47.43168,
2020-01-27T08:20:02.656Z,44.2368,
2020-01-27T08:25:02.667Z,47.26784,
2020-01-27T08:30:02.711Z,47.43168,
2020-01-27T08:35:02.713Z,47.24736,
2020-01-27T08:40:02.739Z,43.17184,
2020-01-27T08:45:02.746Z,47.34976,
2020-01-27T08:50:02.761Z,47.37024,
2020-01-27T08:55:02.771Z,47.5136,
2020-01-27T09:00:02.788Z,47.4112,
2020-01-27T09:05:02.785Z,46.46912,
2020-01-27T09:10:02.803Z,47.39072,
2020-01-27T09:15:02.823Z,47.12448,
2020-01-27T09:20:02.833Z,47.34976,
2020-01-27T09:25:02.840Z,47.37024,
2020-01-27T09:30:02.862Z,44.032,
2020-01-27T09:35:02.890Z,47.43168,
2020-01-27T09:40:02.907Z,46.2848,
2020-01-27T09:45:02.924Z,47.18592,
2020-01-27T09:50:02.912Z,47.34976,
2020-01-27T09:55:02.935Z,42.10688,
2020-01-27T10:00:02.959Z,47.28832,
2020-01-27T10:05:02.964Z,47.39072,
2020-01-27T10:10:02.985Z,46.05952,
2020-01-27T10:15:03.038Z,47.37024,
2020-01-27T10:20:03.026Z,46.6944,
2020-01-27T10:25:03.037Z,39.69024,
2020-01-27T10:30:03.051Z,47.57504,
2020-01-27T10:35:03.064Z,47.02208,
2020-01-27T10:40:03.063Z,47.28832,
2020-01-27T10:45:03.091Z,47.4112,
2020-01-27T10:50:03.113Z,47.43168,
2020-01-27T10:55:03.126Z,47.34976,
2020-01-27T11:00:03.149Z,47.57504,
2020-01-27T11:05:03.148Z,47.12448,
2020-01-27T11:10:03.166Z,46.85824,
2020-01-27T11:15:03.175Z,47.4112,
2020-01-27T11:20:03.232Z,47.26784,
2020-01-27T11:25:03.228Z,47.3088,
2020-01-27T11:30:03.236Z,47.18592,
2020-01-27T11:35:03.268Z,47.34976,
2020-01-27T11:40:02.286Z,47.34976,
2020-01-27T11:45:02.283Z,47.47264,
2020-01-27T11:50:02.311Z,46.67392,
2020-01-27T11:55:02.334Z,47.26784,
2020-01-27T12:00:02.345Z,47.22688,
2020-01-27T12:05:02.353Z,46.94016,
2020-01-27T12:10:02.375Z,46.67392,
2020-01-27T12:15:02.379Z,47.2064,
2020-01-27T12:20:02.390Z,47.22688,
2020-01-27T12:25:02.423Z,47.4112,
2020-01-27T12:30:02.440Z,47.26784,
2020-01-27T12:35:02.446Z,47.3088,
2020-01-27T12:40:02.465Z,48.66048,
2020-01-27T12:45:02.474Z,47.43168,
2020-01-27T12:50:02.499Z,47.37024,
2020-01-27T12:55:02.505Z,47.43168,
2020-01-27T13:00:02.514Z,47.37024,
2020-01-27T13:05:02.508Z,47.28832,
2020-01-27T13:10:02.557Z,47.47264,
2020-01-27T13:15:02.568Z,47.43168,
2020-01-27T13:20:02.577Z,47.34976,
2020-01-27T13:25:02.577Z,47.39072,
2020-01-27T13:30:02.600Z,47.34976,
2020-01-27T13:35:02.612Z,47.34976,
2020-01-27T13:40:02.650Z,47.26784,
2020-01-27T13:45:02.667Z,47.43168,
2020-01-27T13:50:02.685Z,47.43168,
2020-01-27T13:55:02.677Z,47.45216,
2020-01-27T14:00:02.699Z,47.5136,
2020-01-27T14:05:02.728Z,47.24736,
2020-01-27T14:10:02.729Z,47.34976,
2020-01-27T14:15:02.739Z,47.34976,
2020-01-27T14:20:02.757Z,47.28832,
2020-01-27T14:25:02.781Z,47.2064,
2020-01-27T14:30:02.792Z,46.44864,
2020-01-27T14:35:02.812Z,47.43168,
2020-01-27T14:40:02.841Z,47.616,
2020-01-27T14:45:02.832Z,47.34976,
2020-01-27T14:50:02.840Z,47.02208,
2020-01-27T14:55:02.866Z,47.43168,
2020-01-27T15:00:02.887Z,47.34976,
2020-01-27T15:05:02.904Z,47.26784,
2020-01-27T15:10:02.925Z,46.34624,
2020-01-27T15:15:02.916Z,47.22688,
2020-01-27T15:20:02.936Z,47.9232,
2020-01-27T15:25:02.950Z,47.5136,
2020-01-27T15:30:02.964Z,47.26784,
2020-01-27T15:35:02.995Z,47.94368,
2020-01-27T15:40:03.010Z,47.43168,
2020-01-27T15:45:03.015Z,47.9232,
2020-01-27T15:50:03.033Z,47.75936,
2020-01-27T15:55:03.051Z,47.26784,
2020-01-27T16:00:03.057Z,47.26784,
2020-01-27T16:05:03.074Z,47.26784,
2020-01-27T16:10:03.097Z,47.34976,
2020-01-27T16:15:03.099Z,47.26784,
2020-01-27T16:20:03.124Z,47.34976,
2020-01-27T16:25:03.143Z,47.34976,
2020-01-27T16:30:03.159Z,47.37024,
2020-01-27T16:35:03.165Z,47.5136,
2020-01-27T16:40:03.170Z,47.28832,
2020-01-27T16:45:03.193Z,47.34976,
2020-01-27T16:50:03.204Z,47.18592,
2020-01-27T16:55:03.233Z,47.43168,
2020-01-27T17:00:03.251Z,47.34976,
2020-01-27T17:05:03.263Z,47.26784,
2020-01-27T17:10:03.277Z,46.36672,
2020-01-27T17:15:02.296Z,47.2064,
2020-01-27T17:20:02.290Z,47.37024,
2020-01-27T17:25:02.313Z,47.26784,
2020-01-27T17:30:02.337Z,47.3088,
2020-01-27T17:35:02.351Z,47.26784,
2020-01-27T17:40:02.396Z,47.67744,
2020-01-27T17:45:02.374Z,47.34976,
2020-01-27T17:50:02.382Z,47.34976,
2020-01-27T17:55:02.400Z,47.45216,
2020-01-27T18:00:02.423Z,46.36672,
2020-01-27T18:05:02.436Z,47.3088,
2020-01-27T18:10:02.467Z,47.43168,
2020-01-27T18:15:02.457Z,47.34976,
2020-01-27T18:20:02.471Z,47.43168,
2020-01-27T18:25:02.488Z,47.34976,
2020-01-27T18:30:02.505Z,47.3088,
2020-01-27T18:35:02.529Z,47.26784,
2020-01-27T18:40:02.535Z,47.24736,
2020-01-27T18:45:02.547Z,47.34976,
2020-01-27T18:50:02.582Z,47.43168,
2020-01-27T18:55:02.592Z,43.60192,
2020-01-27T19:00:02.603Z,47.28832,
2020-01-27T19:05:02.614Z,47.5136,
2020-01-27T19:10:02.644Z,46.20288,
2020-01-27T19:15:02.655Z,47.28832,
2020-01-27T19:20:02.658Z,47.26784,
2020-01-27T19:25:02.690Z,46.94016,
2020-01-27T19:30:02.725Z,46.94016,
2020-01-27T19:35:02.727Z,47.43168,
2020-01-27T19:40:02.762Z,46.6944,
2020-01-27T19:45:02.766Z,47.104,
2020-01-27T19:50:02.786Z,47.34976,
2020-01-27T19:55:02.779Z,47.34976,
2020-01-27T20:00:02.800Z,46.36672,
2020-01-27T20:05:02.799Z,46.77632,
2020-01-27T20:10:02.809Z,47.26784,
2020-01-27T20:15:02.826Z,47.18592,
2020-01-27T20:20:02.865Z,47.34976,
2020-01-27T20:25:02.870Z,47.53408,
2020-01-27T20:30:02.896Z,47.2064,
2020-01-27T20:35:02.894Z,47.43168,
2020-01-27T20:40:02.946Z,47.26784,
2020-01-27T20:45:02.958Z,47.104,
2020-01-27T20:50:02.937Z,48.3328,
2020-01-27T20:55:02.947Z,47.43168,
2020-01-27T21:00:02.971Z,47.34976,
2020-01-27T21:05:02.994Z,47.2064,
2020-01-27T21:10:03.001Z,47.34976,
2020-01-27T21:15:03.016Z,47.26784,
2020-01-27T21:20:03.038Z,47.34976,
2020-01-27T21:25:03.056Z,47.34976,
2020-01-27T21:30:03.073Z,48.16896,
2020-01-27T21:35:03.089Z,46.65344,
2020-01-27T21:40:03.107Z,47.26784,
2020-01-27T21:45:03.116Z,47.26784,
2020-01-27T21:50:03.126Z,47.84128,
2020-01-27T21:55:03.139Z,47.34976,
2020-01-27T22:00:03.159Z,47.2064,
2020-01-27T22:05:03.163Z,47.26784,
2020-01-27T22:10:03.208Z,47.3088,
2020-01-27T22:15:03.223Z,48.98816,
2020-01-27T22:20:03.245Z,47.28832,
2020-01-27T22:25:03.241Z,47.34976,
2020-01-27T22:30:03.251Z,47.26784,
2020-01-27T22:35:03.270Z,47.34976,
2020-01-27T22:40:02.248Z,47.34976,
2020-01-27T22:45:02.273Z,47.24736,
2020-01-27T22:50:02.290Z,47.28832,
2020-01-27T22:55:02.319Z,47.34976,
2020-01-27T23:00:02.343Z,47.5136,
2020-01-27T23:05:02.335Z,47.43168,
2020-01-27T23:10:02.356Z,47.34976,
2020-01-27T23:15:02.379Z,47.104,
2020-01-27T23:20:02.398Z,47.34976,
2020-01-27T23:25:02.396Z,48.00512,
2020-01-27T23:30:02.439Z,47.28832,
2020-01-27T23:35:02.440Z,47.43168,
2020-01-27T23:40:02.468Z,47.104,
2020-01-27T23:45:02.466Z,47.34976,
2020-01-27T23:50:02.483Z,47.34976,
2020-01-27T23:55:02.499Z,47.43168,
2020-01-28T00:00:02.518Z,47.34976,
2020-01-28T00:05:02.526Z,47.34976,
2020-01-28T00:10:02.542Z,47.26784,
2020-01-28T00:15:02.552Z,48.49664,
2020-01-28T00:20:02.564Z,47.45216,
2020-01-28T00:25:02.586Z,47.9232,
2020-01-28T00:30:02.614Z,47.34976,
2020-01-28T00:35:02.618Z,47.34976,
2020-01-28T00:40:02.632Z,47.26784,
2020-01-28T00:45:02.637Z,47.34976,
2020-01-28T00:50:02.672Z,47.28832,
2020-01-28T00:55:02.701Z,47.4112,
2020-01-28T01:00:02.708Z,47.43168,
2020-01-28T01:05:02.694Z,47.18592,
2020-01-28T01:10:02.734Z,47.18592,
2020-01-28T01:15:02.731Z,46.96064,
2020-01-28T01:20:02.746Z,47.32928,
2020-01-28T01:25:02.764Z,47.26784,
2020-01-28T01:30:02.769Z,46.51008,
2020-01-28T01:35:02.796Z,47.26784,
2020-01-28T01:40:02.812Z,47.18592,
2020-01-28T01:45:02.822Z,47.104,
2020-01-28T01:50:02.831Z,47.34976,
2020-01-28T01:55:02.862Z,47.26784,
2020-01-28T02:00:02.876Z,47.34976,
2020-01-28T02:05:02.885Z,47.18592,
2020-01-28T02:10:02.909Z,-1,
2020-01-28T02:15:02.914Z,47.39072,
2020-01-28T02:20:02.914Z,47.32928,
2020-01-28T02:25:02.943Z,47.39072,
2020-01-28T02:30:02.969Z,47.3088,
2020-01-28T02:35:02.991Z,47.04256,
2020-01-28T02:40:03.030Z,47.02208,
2020-01-28T02:45:02.996Z,49.27488,
2020-01-28T02:50:03.003Z,47.02208,
2020-01-28T02:55:03.036Z,47.26784,
2020-01-28T03:00:03.046Z,46.94016,
2020-01-28T03:05:03.078Z,47.18592,
2020-01-28T03:10:03.097Z,47.26784,
2020-01-28T03:15:03.115Z,45.69088,
2020-01-28T03:20:03.105Z,47.26784,
2020-01-28T03:25:03.121Z,47.32928,
2020-01-28T03:30:03.143Z,47.43168,
2020-01-28T03:35:03.190Z,47.9232,
2020-01-28T03:40:03.175Z,47.28832,
2020-01-28T03:45:03.174Z,47.37024,
2020-01-28T03:50:03.187Z,47.4112,
2020-01-28T03:55:03.206Z,47.26784,
2020-01-28T04:00:03.230Z,47.2064,
2020-01-28T04:05:03.226Z,47.49312,
2020-01-28T04:10:03.256Z,47.34976,
2020-01-28T04:15:03.263Z,47.34976,
2020-01-28T04:20:02.285Z,47.34976,
2020-01-28T04:25:02.292Z,47.26784,
2020-01-28T04:30:02.320Z,47.49312,
2020-01-28T04:35:02.320Z,47.3088,
2020-01-28T04:40:02.331Z,47.37024,
2020-01-28T04:45:02.330Z,47.3088,
2020-01-28T04:50:02.358Z,47.45216,
2020-01-28T04:55:02.377Z,47.2064,
2020-01-28T05:00:02.398Z,47.104,
2020-01-28T05:05:02.419Z,47.43168,
2020-01-28T05:10:02.434Z,46.2848,
2020-01-28T05:15:02.459Z,46.94016,
2020-01-28T05:20:02.457Z,47.43168,
2020-01-28T05:25:02.476Z,47.104,
2020-01-28T05:30:02.493Z,45.64992,
2020-01-28T05:35:02.522Z,47.104,
2020-01-28T05:40:02.551Z,47.43168,
2020-01-28T05:45:02.553Z,47.104,
2020-01-28T05:50:02.548Z,47.49312,
2020-01-28T05:55:02.565Z,47.18592,
2020-01-28T06:00:02.574Z,47.2064,
2020-01-28T06:05:02.606Z,47.34976,
2020-01-28T06:10:02.607Z,47.26784,
2020-01-28T06:15:02.639Z,47.5136,
2020-01-28T06:20:02.660Z,48.10752,
2020-01-28T06:25:02.664Z,46.53056,
2020-01-28T06:30:02.689Z,47.24736,
2020-01-28T06:35:02.702Z,47.26784,
2020-01-28T06:40:02.709Z,47.2064,
2020-01-28T06:45:02.734Z,47.34976,
2020-01-28T06:50:02.721Z,47.2064,
2020-01-28T06:55:02.766Z,47.47264,
2020-01-28T07:00:02.757Z,47.28832,
2020-01-28T07:05:02.771Z,47.4112,
2020-01-28T07:10:02.826Z,47.43168,
2020-01-28T07:15:02.826Z,47.34976,
2020-01-28T07:20:02.830Z,47.104,
2020-01-28T07:25:02.843Z,47.2064,
2020-01-28T07:30:02.847Z,47.43168,
2020-01-28T07:35:02.873Z,47.37024,
2020-01-28T07:40:02.884Z,47.26784,
2020-01-28T07:45:02.909Z,46.61248,
2020-01-28T07:50:02.921Z,47.2064,
2020-01-28T07:55:02.934Z,47.28832,
2020-01-28T08:00:02.951Z,47.28832,
2020-01-28T08:05:02.961Z,47.37024,
2020-01-28T08:10:02.974Z,47.39072,
2020-01-28T08:15:02.984Z,47.18592,
2020-01-28T08:20:02.997Z,47.34976,
2020-01-28T08:25:03.026Z,47.47264,
2020-01-28T08:30:03.052Z,47.43168,
2020-01-28T08:35:03.069Z,47.28832,
2020-01-28T08:40:03.095Z,47.32928,
2020-01-28T08:45:03.077Z,46.77632,
2020-01-28T08:50:03.092Z,47.34976,
2020-01-28T08:55:03.118Z,47.34976,
2020-01-28T09:00:03.140Z,45.95712,
2020-01-28T09:05:03.130Z,47.43168,
2020-01-28T09:10:03.159Z,47.84128,
2020-01-28T09:15:03.176Z,47.34976,
2020-01-28T09:20:03.188Z,48.16896,
2020-01-28T09:25:03.197Z,46.8992,
2020-01-28T09:30:03.217Z,41.28768,
2020-01-28T09:35:03.243Z,47.24736,
2020-01-28T09:40:03.258Z,43.64288,
2020-01-28T09:45:03.271Z,47.26784,
2020-01-28T09:50:03.273Z,45.99808,
2020-01-28T09:55:02.289Z,44.97408,
2020-01-28T10:00:02.311Z,47.26784,
2020-01-28T10:05:02.320Z,47.39072,
2020-01-28T10:10:02.348Z,46.592,
2020-01-28T10:15:02.360Z,44.72832,
2020-01-28T10:20:02.370Z,44.58496,
2020-01-28T10:25:02.377Z,46.20288,
2020-01-28T10:30:02.409Z,46.20288,
2020-01-28T10:35:02.426Z,44.38016,
2020-01-28T10:40:02.444Z,46.12096,
2020-01-28T10:45:02.448Z,44.31872,
2020-01-28T10:50:02.460Z,47.616,
2020-01-28T10:55:02.497Z,47.53408,
2020-01-28T11:00:02.489Z,47.37024,
2020-01-28T11:05:02.493Z,45.69088,
2020-01-28T11:10:02.517Z,47.28832,
2020-01-28T11:15:02.536Z,47.02208,
2020-01-28T11:20:02.545Z,47.26784,
2020-01-28T11:25:02.566Z,47.43168,
2020-01-28T11:30:02.574Z,46.44864,
2020-01-28T11:35:02.602Z,47.28832,
2020-01-28T11:40:02.612Z,46.83776,
2020-01-28T11:45:02.630Z,47.53408,
2020-01-28T11:50:02.636Z,47.3088,
2020-01-28T11:55:02.654Z,47.4112,
2020-01-28T12:00:02.659Z,47.26784,
2020-01-28T12:05:02.687Z,47.39072,
2020-01-28T12:10:02.708Z,47.18592,
2020-01-28T12:15:02.716Z,47.28832,
2020-01-28T12:20:02.732Z,46.96064,
2020-01-28T12:25:02.730Z,47.43168,
2020-01-28T12:30:02.766Z,47.34976,
2020-01-28T12:35:02.785Z,47.26784,
2020-01-28T12:40:02.803Z,47.32928,
2020-01-28T12:45:02.823Z,47.26784,
2020-01-28T12:50:02.808Z,47.43168,
2020-01-28T12:55:02.834Z,47.45216,
2020-01-28T13:00:02.839Z,47.34976,
2020-01-28T13:05:02.879Z,47.34976,
2020-01-28T13:10:02.890Z,47.43168,
2020-01-28T13:15:02.917Z,47.43168,
2020-01-28T13:20:02.911Z,48.59904,
2020-01-28T13:25:02.918Z,47.43168,
2020-01-28T13:30:02.935Z,47.02208,
2020-01-28T13:35:02.951Z,47.34976,
2020-01-28T13:40:02.988Z,46.94016,
2020-01-28T13:45:03.003Z,47.69792,
2020-01-28T13:50:03.001Z,47.26784,
2020-01-28T13:55:03.010Z,47.104,
2020-01-28T14:00:03.028Z,47.43168,
2020-01-28T14:05:03.053Z,47.43168,
2020-01-28T14:10:03.058Z,47.34976,
2020-01-28T14:15:03.070Z,47.26784,
2020-01-28T14:20:03.075Z,47.43168,
2020-01-28T14:25:03.095Z,47.26784,
2020-01-28T14:30:03.120Z,47.39072,
2020-01-28T14:35:03.150Z,47.26784,
2020-01-28T14:40:03.141Z,47.34976,
2020-01-28T14:45:03.150Z,47.43168,
2020-01-28T14:50:03.166Z,47.26784,
2020-01-28T14:55:03.197Z,47.34976,
2020-01-28T15:00:03.211Z,47.37024,
2020-01-28T15:05:03.230Z,47.26784,
2020-01-28T15:10:03.236Z,47.4112,
2020-01-28T15:15:03.256Z,47.16544,
2020-01-28T15:20:03.276Z,47.3088,
2020-01-28T15:25:02.296Z,47.14496,
2020-01-28T15:30:02.295Z,47.34976,
2020-01-28T15:35:02.300Z,47.34976,
2020-01-28T15:40:02.312Z,47.28832,
2020-01-28T15:45:02.349Z,47.47264,
2020-01-28T15:50:02.372Z,47.616,
2020-01-28T15:55:02.347Z,47.5136,
2020-01-28T16:00:02.400Z,47.34976,
2020-01-28T16:05:02.419Z,47.34976,
2020-01-28T16:10:02.398Z,47.26784,
2020-01-28T16:15:02.486Z,47.26784,
2020-01-28T16:20:02.449Z,46.65344,
2020-01-28T16:25:02.475Z,47.26784,
2020-01-28T16:30:02.506Z,47.4112,
2020-01-28T16:35:02.463Z,47.26784,
2020-01-28T16:40:02.479Z,47.26784,
2020-01-28T16:45:02.509Z,47.34976,
2020-01-28T16:50:02.531Z,47.43168,
2020-01-28T16:55:02.535Z,47.45216,
2020-01-28T17:00:02.563Z,47.39072,
2020-01-28T17:05:02.582Z,47.34976,
2020-01-28T17:10:02.585Z,47.104,
2020-01-28T17:15:02.623Z,47.34976,
2020-01-28T17:20:02.625Z,47.43168,
2020-01-28T17:25:02.635Z,47.26784,
2020-01-28T17:30:02.659Z,47.26784,
2020-01-28T17:35:02.684Z,46.6944,
2020-01-28T17:40:02.672Z,47.43168,
2020-01-28T17:45:02.688Z,47.22688,
2020-01-28T17:50:02.693Z,47.39072,
2020-01-28T17:55:02.716Z,47.34976,
2020-01-28T18:00:02.737Z,47.34976,
2020-01-28T18:05:02.733Z,47.43168,
2020-01-28T18:10:02.778Z,47.34976,
2020-01-28T18:15:02.784Z,47.34976,
2020-01-28T18:20:02.786Z,47.45216,
2020-01-28T18:25:02.812Z,47.34976,
2020-01-28T18:30:02.845Z,47.34976,
2020-01-28T18:35:02.859Z,47.43168,
2020-01-28T18:40:02.868Z,47.34976,
2020-01-28T18:45:02.872Z,47.26784,
2020-01-28T18:50:02.891Z,47.34976,
2020-01-28T18:55:02.901Z,47.34976,
2020-01-28T19:00:02.918Z,47.34976,
2020-01-28T19:05:02.959Z,47.26784,
2020-01-28T19:10:02.942Z,47.37024,
2020-01-28T19:15:02.954Z,47.34976,
2020-01-28T19:20:02.974Z,47.26784,
2020-01-28T19:25:02.994Z,47.26784,
2020-01-28T19:30:03.001Z,47.12448,
2020-01-28T19:35:03.025Z,47.32928,
2020-01-28T19:40:03.034Z,47.26784,
2020-01-28T19:45:03.049Z,47.47264,
2020-01-28T19:50:03.069Z,47.34976,
2020-01-28T19:55:03.064Z,47.26784,
2020-01-28T20:00:03.099Z,47.26784,
2020-01-28T20:05:03.101Z,47.34976,
2020-01-28T20:10:03.106Z,47.18592,
2020-01-28T20:15:03.138Z,46.71488,
2020-01-28T20:20:03.151Z,47.26784,
2020-01-28T20:25:03.168Z,47.37024,
2020-01-28T20:30:03.177Z,47.22688,
2020-01-28T20:35:03.207Z,46.08,
2020-01-28T20:40:03.213Z,38.74816,
2020-01-28T20:45:03.218Z,46.592,
2020-01-28T20:50:03.245Z,44.07296,
2020-01-28T20:55:03.263Z,47.43168,
2020-01-28T21:00:03.281Z,47.18592,
2020-01-28T21:05:02.286Z,47.43168,
2020-01-28T21:10:02.317Z,47.34976,
2020-01-28T21:15:02.311Z,47.34976,
2020-01-28T21:20:02.317Z,47.43168,
2020-01-28T21:25:02.336Z,46.94016,
2020-01-28T21:30:02.374Z,47.34976,
2020-01-28T21:35:02.385Z,47.34976,
2020-01-28T21:40:02.399Z,47.26784,
2020-01-28T21:45:02.393Z,47.28832,
2020-01-28T21:50:02.414Z,48.47616,
2020-01-28T21:55:02.444Z,47.4112,
2020-01-28T22:00:02.442Z,47.26784,
2020-01-28T22:05:02.496Z,47.26784,
2020-01-28T22:10:02.498Z,47.34976,
2020-01-28T22:15:02.499Z,47.34976,
2020-01-28T22:20:02.501Z,47.34976,
2020-01-28T22:25:02.547Z,45.83424,
2020-01-28T22:30:02.558Z,47.34976,
2020-01-28T22:35:02.567Z,47.34976,
2020-01-28T22:40:02.575Z,47.34976,
2020-01-28T22:45:02.595Z,47.5136,
2020-01-28T22:50:02.614Z,48.47616,
2020-01-28T22:55:02.626Z,48.08704,
2020-01-28T23:00:02.639Z,47.28832,
2020-01-28T23:05:02.652Z,47.39072,
2020-01-28T23:10:02.670Z,47.104,
2020-01-28T23:15:02.682Z,47.9232,
2020-01-28T23:20:02.684Z,46.77632,
2020-01-28T23:25:02.718Z,47.26784,
2020-01-28T23:30:02.743Z,47.26784,
2020-01-28T23:35:02.757Z,47.34976,
2020-01-28T23:40:02.758Z,47.75936,
2020-01-28T23:45:02.776Z,45.8752,
2020-01-28T23:50:02.791Z,47.28832,
2020-01-28T23:55:02.786Z,47.37024,
2020-01-29T00:00:02.819Z,47.34976,
2020-01-29T00:05:02.822Z,47.34976,
2020-01-29T00:10:02.844Z,47.3088,
2020-01-29T00:15:02.856Z,47.43168,
2020-01-29T00:20:02.877Z,47.43168,
2020-01-29T00:25:02.901Z,47.28832,
2020-01-29T00:30:02.922Z,47.3088,
2020-01-29T00:35:02.912Z,47.26784,
2020-01-29T00:40:02.941Z,47.34976,
2020-01-29T00:45:02.948Z,47.34976,
2020-01-29T00:50:02.975Z,47.34976,
2020-01-29T00:55:02.997Z,47.34976,
2020-01-29T01:00:02.998Z,46.94016,
2020-01-29T01:05:03.035Z,47.32928,
2020-01-29T01:10:03.031Z,47.34976,
2020-01-29T01:15:03.057Z,47.26784,
2020-01-29T01:20:03.079Z,47.45216,
2020-01-29T01:25:03.079Z,47.26784,
2020-01-29T01:30:03.086Z,47.18592,
2020-01-29T01:35:03.126Z,47.34976,
2020-01-29T01:40:03.130Z,47.26784,
2020-01-29T01:45:03.143Z,48.16896,
2020-01-29T01:50:03.142Z,47.34976,
2020-01-29T01:55:03.145Z,47.37024,
2020-01-29T02:00:03.164Z,47.43168,
2020-01-29T02:05:03.200Z,47.26784,
2020-01-29T02:10:03.198Z,47.34976,
2020-01-29T02:15:03.221Z,47.34976,
2020-01-29T02:20:03.233Z,47.39072,
2020-01-29T02:25:03.253Z,47.26784,
2020-01-29T02:30:03.261Z,46.77632,
2020-01-29T02:35:03.316Z,47.3088,
2020-01-29T02:40:02.292Z,47.67744,
2020-01-29T02:45:02.321Z,47.28832,
2020-01-29T02:50:02.305Z,47.26784,
2020-01-29T02:55:02.328Z,47.104,
2020-01-29T03:00:02.362Z,47.26784,
2020-01-29T03:05:02.360Z,47.26784,
2020-01-29T03:10:02.384Z,47.3088,
2020-01-29T03:15:02.391Z,47.5136,
2020-01-29T03:20:02.414Z,47.26784,
2020-01-29T03:25:02.418Z,47.34976,
2020-01-29T03:30:02.449Z,47.43168,
2020-01-29T03:35:02.446Z,47.34976,
2020-01-29T03:40:02.462Z,47.34976,
2020-01-29T03:45:02.468Z,48.3328,
2020-01-29T03:50:02.487Z,47.84128,
2020-01-29T03:55:02.518Z,47.39072,
2020-01-29T04:00:02.518Z,47.84128,
2020-01-29T04:05:02.572Z,46.53056,
2020-01-29T04:10:02.558Z,47.43168,
2020-01-29T04:15:02.560Z,47.26784,
2020-01-29T04:20:02.593Z,47.18592,
2020-01-29T04:25:02.603Z,47.26784,
2020-01-29T04:30:02.619Z,47.28832,
2020-01-29T04:35:02.634Z,47.34976,
2020-01-29T04:40:02.652Z,47.5136,
2020-01-29T04:45:02.680Z,47.26784,
2020-01-29T04:50:02.655Z,47.4112,
2020-01-29T04:55:02.679Z,47.34976,
2020-01-29T05:00:02.712Z,47.43168,
2020-01-29T05:05:02.711Z,47.34976,
2020-01-29T05:10:02.753Z,47.26784,
2020-01-29T05:15:02.755Z,47.3088,
2020-01-29T05:20:02.749Z,47.26784,
2020-01-29T05:25:02.782Z,45.79328,
2020-01-29T05:30:02.792Z,47.18592,
2020-01-29T05:35:02.841Z,47.34976,
2020-01-29T05:40:02.814Z,47.65696,
2020-01-29T05:45:02.822Z,47.39072,
2020-01-29T05:50:02.840Z,47.28832,
2020-01-29T05:55:02.856Z,47.18592,
2020-01-29T06:00:02.888Z,47.34976,
2020-01-29T06:05:02.895Z,47.28832,
2020-01-29T06:10:02.908Z,47.43168,
2020-01-29T06:15:02.926Z,47.5136,
2020-01-29T06:20:02.930Z,47.26784,
2020-01-29T06:25:02.965Z,47.34976,
2020-01-29T06:30:02.986Z,47.26784,
2020-01-29T06:35:03.006Z,47.18592,
2020-01-29T06:40:03.004Z,47.26784,
2020-01-29T06:45:03.005Z,47.26784,
2020-01-29T06:50:03.034Z,47.43168,
2020-01-29T06:55:03.035Z,47.43168,
2020-01-29T07:00:03.072Z,47.24736,
2020-01-29T07:05:03.097Z,47.45216,
2020-01-29T07:10:03.084Z,46.44864,
2020-01-29T07:15:03.096Z,47.34976,
2020-01-29T07:20:03.117Z,47.34976,
2020-01-29T07:25:03.120Z,47.26784,
2020-01-29T07:30:03.152Z,47.26784,
2020-01-29T07:35:03.154Z,47.47264,
2020-01-29T07:40:03.187Z,47.26784,
2020-01-29T07:45:03.193Z,47.43168,
2020-01-29T07:50:03.218Z,47.4112,
2020-01-29T07:55:03.224Z,47.9232,
2020-01-29T08:00:03.254Z,47.34976,
2020-01-29T08:05:03.251Z,47.26784,
2020-01-29T08:10:03.264Z,47.32928,
2020-01-29T08:15:03.290Z,47.84128,
2020-01-29T08:20:02.274Z,47.34976,
2020-01-29T08:25:02.299Z,47.39072,
2020-01-29T08:30:02.327Z,47.45216,
2020-01-29T08:35:02.347Z,47.45216,
2020-01-29T08:40:02.358Z,47.26784,
2020-01-29T08:45:02.340Z,47.43168,
2020-01-29T08:50:02.360Z,47.34976,
2020-01-29T08:55:02.407Z,47.3088,
2020-01-29T09:00:02.403Z,47.26784,
2020-01-29T09:05:02.435Z,47.37024,
2020-01-29T09:10:02.439Z,47.37024,
2020-01-29T09:15:02.451Z,46.94016,
2020-01-29T09:20:02.453Z,47.18592,
2020-01-29T09:25:02.480Z,47.34976,
2020-01-29T09:30:02.508Z,47.39072,
2020-01-29T09:35:02.525Z,47.26784,
2020-01-29T09:40:02.543Z,47.26784,
2020-01-29T09:45:02.556Z,47.43168,
2020-01-29T09:50:02.565Z,44.60544,
2020-01-29T09:55:02.563Z,47.34976,
2020-01-29T10:00:02.602Z,47.26784,
2020-01-29T10:05:02.634Z,42.55744,
2020-01-29T10:10:02.613Z,44.15488,
2020-01-29T10:15:02.634Z,44.2368,
2020-01-29T10:20:02.659Z,44.07296,
2020-01-29T10:25:02.640Z,41.22624,
2020-01-29T10:30:02.687Z,41.472,
2020-01-29T10:35:02.698Z,46.40768,
2020-01-29T10:40:02.704Z,45.4656,
2020-01-29T10:45:02.723Z,46.16192,
2020-01-29T10:50:02.738Z,47.39072,
2020-01-29T10:55:02.762Z,47.34976,
2020-01-29T11:00:02.772Z,46.44864,
2020-01-29T11:05:02.765Z,47.43168,
2020-01-29T11:10:02.789Z,47.34976,
2020-01-29T11:15:02.819Z,47.34976,
2020-01-29T11:20:02.830Z,47.34976,
2020-01-29T11:25:02.858Z,47.32928,
2020-01-29T11:30:02.987Z,47.32928,
2020-01-29T11:35:02.965Z,47.34976,
2020-01-29T11:40:02.992Z,47.3088,
2020-01-29T11:45:02.991Z,47.18592,
2020-01-29T11:50:03.011Z,47.43168,
2020-01-29T11:55:03.030Z,47.34976,
2020-01-29T12:00:03.030Z,47.22688,
2020-01-29T12:05:03.048Z,47.06304,
2020-01-29T12:10:03.078Z,47.49312,
2020-01-29T12:15:03.098Z,46.55104,
2020-01-29T12:20:03.110Z,47.34976,
2020-01-29T12:25:03.117Z,47.43168,
2020-01-29T12:30:03.138Z,47.37024,
2020-01-29T12:35:03.138Z,47.34976,
2020-01-29T12:40:03.148Z,47.26784,
2020-01-29T12:45:03.173Z,47.12448,
2020-01-29T12:50:03.202Z,47.4112,
2020-01-29T12:55:03.208Z,47.43168,
2020-01-29T13:00:03.267Z,47.2064,
2020-01-29T13:05:03.233Z,47.37024,
2020-01-29T13:10:03.251Z,47.37024,
2020-01-29T13:15:03.277Z,47.104,
2020-01-29T13:20:03.298Z,47.5136,
2020-01-29T13:25:02.295Z,47.26784,
2020-01-29T13:30:02.329Z,47.43168,
2020-01-29T13:35:02.329Z,47.28832,
2020-01-29T13:40:02.357Z,47.22688,
2020-01-29T13:45:02.355Z,47.34976,
2020-01-29T13:50:02.379Z,47.24736,
2020-01-29T13:55:02.393Z,50.01216,
2020-01-29T14:00:02.415Z,47.47264,
2020-01-29T14:05:02.406Z,47.28832,
2020-01-29T14:10:02.436Z,47.43168,
2020-01-29T14:15:02.461Z,47.43168,
2020-01-29T14:20:02.462Z,47.34976,
2020-01-29T14:25:02.463Z,47.24736,
2020-01-29T14:30:02.543Z,47.5136,
2020-01-29T14:35:02.511Z,47.34976,
2020-01-29T14:40:02.536Z,47.43168,
2020-01-29T14:45:02.540Z,47.43168,
2020-01-29T14:50:02.581Z,47.26784,
2020-01-29T14:55:02.569Z,47.86176,
2020-01-29T15:00:02.575Z,46.44864,
2020-01-29T15:05:02.621Z,47.26784,
2020-01-29T15:10:02.634Z,47.37024,
2020-01-29T15:15:02.640Z,47.84128,
2020-01-29T15:20:02.650Z,47.26784,
2020-01-29T15:25:02.661Z,47.5136,
2020-01-29T15:30:02.710Z,47.26784,
2020-01-29T15:35:02.708Z,47.22688,
2020-01-29T15:40:02.701Z,47.34976,
2020-01-29T15:45:02.730Z,45.95712,
2020-01-29T15:50:02.740Z,47.18592,
2020-01-29T15:55:02.760Z,47.34976,
2020-01-29T16:00:02.801Z,47.28832,
2020-01-29T16:05:02.806Z,47.34976,
2020-01-29T16:10:02.815Z,47.34976,
2020-01-29T16:15:02.838Z,47.34976,
2020-01-29T16:20:02.841Z,47.34976,
2020-01-29T16:25:02.858Z,47.34976,
2020-01-29T16:30:02.880Z,47.43168,
2020-01-29T16:35:02.880Z,47.34976,
2020-01-29T16:40:02.909Z,47.5136,
2020-01-29T16:45:02.880Z,47.37024,
2020-01-29T16:50:02.906Z,47.26784,
2020-01-29T16:55:02.938Z,47.24736,
2020-01-29T17:00:02.940Z,47.37024,
2020-01-29T17:05:02.964Z,47.9232,
2020-01-29T17:10:02.978Z,47.45216,
2020-01-29T17:15:02.984Z,47.26784,
2020-01-29T17:20:03.013Z,47.5136,
2020-01-29T17:25:03.024Z,47.75936,
2020-01-29T17:30:03.054Z,47.34976,
2020-01-29T17:35:03.050Z,47.43168,
2020-01-29T17:40:03.057Z,47.59552,
2020-01-29T17:45:03.094Z,47.26784,
2020-01-29T17:50:03.091Z,47.43168,
2020-01-29T17:55:03.124Z,47.43168,
2020-01-29T18:00:03.127Z,47.34976,
2020-01-29T18:05:03.122Z,46.2848,
2020-01-29T18:10:03.168Z,45.95712,
2020-01-29T18:15:03.169Z,47.34976,
2020-01-29T18:20:03.165Z,47.5136,
2020-01-29T18:25:03.180Z,47.26784,
2020-01-29T18:30:03.214Z,47.37024,
2020-01-29T18:35:03.221Z,47.2064,
2020-01-29T18:40:03.243Z,47.4112,
2020-01-29T18:45:03.234Z,47.43168,
2020-01-29T18:50:03.268Z,47.18592,
2020-01-29T18:55:03.268Z,47.43168,
2020-01-29T19:00:02.313Z,47.39072,
2020-01-29T19:05:02.310Z,47.5136,
2020-01-29T19:10:02.313Z,47.28832,
2020-01-29T19:15:02.329Z,47.34976,
2020-01-29T19:20:02.347Z,47.26784,
2020-01-29T19:25:02.358Z,47.26784,
2020-01-29T19:30:02.396Z,47.26784,
2020-01-29T19:35:02.406Z,47.37024,
2020-01-29T19:40:02.421Z,47.43168,
2020-01-29T19:45:02.421Z,47.34976,
2020-01-29T19:50:02.456Z,47.43168,
2020-01-29T19:55:02.462Z,47.43168,
2020-01-29T20:00:02.476Z,47.53408,
2020-01-29T20:05:02.492Z,47.18592,
2020-01-29T20:10:02.521Z,47.43168,
2020-01-29T20:15:02.519Z,47.26784,
2020-01-29T20:20:02.532Z,47.18592,
2020-01-29T20:25:02.567Z,47.26784,
2020-01-29T20:30:02.588Z,47.26784,
2020-01-29T20:35:02.597Z,47.34976,
2020-01-29T20:40:02.621Z,47.32928,
2020-01-29T20:45:02.606Z,47.26784,
2020-01-29T20:50:02.626Z,47.18592,
2020-01-29T20:55:02.624Z,47.28832,
2020-01-29T21:00:02.665Z,47.34976,
2020-01-29T21:05:02.671Z,47.9232,
2020-01-29T21:10:02.680Z,47.3088,
2020-01-29T21:15:02.705Z,47.26784,
2020-01-29T21:20:02.725Z,47.32928,
2020-01-29T21:25:02.717Z,-1,
2020-01-29T21:30:02.750Z,47.18592,
2020-01-29T21:35:02.743Z,47.26784,
2020-01-29T21:40:02.761Z,47.34976,
2020-01-29T21:45:02.781Z,46.6944,
2020-01-29T21:50:02.790Z,47.104,
2020-01-29T21:55:02.821Z,47.26784,
2020-01-29T22:00:02.853Z,47.26784,
2020-01-29T22:05:02.836Z,47.12448,
2020-01-29T22:10:02.871Z,47.34976,
2020-01-29T22:15:02.880Z,-1,
2020-01-29T22:20:02.878Z,45.568,
2020-01-29T22:25:02.907Z,46.75584,
2020-01-29T22:30:02.925Z,47.34976,
2020-01-29T22:35:02.948Z,47.14496,
2020-01-29T22:40:02.944Z,47.43168,
2020-01-29T22:45:02.963Z,47.34976,
2020-01-29T22:50:02.973Z,47.26784,
2020-01-29T22:55:02.987Z,47.02208,
2020-01-29T23:00:03.003Z,47.34976,
2020-01-29T23:05:03.010Z,47.26784,
2020-01-29T23:10:03.058Z,48.3328,
2020-01-29T23:15:03.069Z,47.43168,
2020-01-29T23:20:03.091Z,47.104,
2020-01-29T23:25:03.089Z,47.34976,
2020-01-29T23:30:03.122Z,47.34976,
2020-01-29T23:35:03.112Z,47.34976,
2020-01-29T23:40:03.106Z,47.26784,
2020-01-29T23:45:03.122Z,47.02208,
2020-01-29T23:50:03.154Z,-1,
2020-01-29T23:55:03.173Z,47.22688,
2020-01-30T00:00:03.184Z,47.26784,
2020-01-30T00:05:03.180Z,45.9776,
2020-01-30T00:10:03.213Z,47.104,
2020-01-30T00:15:03.217Z,48.18944,
2020-01-30T00:20:03.250Z,47.26784,
2020-01-30T00:25:03.263Z,47.43168,
2020-01-30T00:30:03.280Z,47.18592,
2020-01-30T00:35:02.277Z,47.37024,
2020-01-30T00:40:02.296Z,47.34976,
2020-01-30T00:45:02.299Z,47.18592,
2020-01-30T00:50:02.330Z,47.37024,
2020-01-30T00:55:02.324Z,47.28832,
2020-01-30T01:00:02.400Z,47.28832,
2020-01-30T01:05:02.376Z,47.37024,
2020-01-30T01:10:02.388Z,47.26784,
2020-01-30T01:15:02.392Z,47.43168,
2020-01-30T01:20:02.408Z,47.26784,
2020-01-30T01:25:02.414Z,47.43168,
2020-01-30T01:30:02.463Z,47.37024,
2020-01-30T01:35:02.474Z,-1,
2020-01-30T01:40:02.485Z,47.3088,
2020-01-30T01:45:02.505Z,47.26784,
2020-01-30T01:50:02.504Z,47.34976,
2020-01-30T01:55:02.526Z,47.34976,
2020-01-30T02:00:02.531Z,47.43168,
2020-01-30T02:05:02.533Z,47.43168,
2020-01-30T02:10:02.558Z,47.43168,
2020-01-30T02:15:02.583Z,46.85824,
2020-01-30T02:20:02.594Z,47.34976,
2020-01-30T02:25:02.631Z,47.28832,
2020-01-30T02:30:02.674Z,47.3088,
2020-01-30T02:35:02.642Z,47.18592,
2020-01-30T02:40:02.653Z,47.43168,
2020-01-30T02:45:02.684Z,47.84128,
2020-01-30T02:50:02.662Z,47.3088,
2020-01-30T02:55:02.686Z,47.26784,
2020-01-30T03:00:02.726Z,46.77632,
2020-01-30T03:05:02.738Z,47.43168,
2020-01-30T03:10:02.758Z,47.43168,
2020-01-30T03:15:02.760Z,47.9232,
2020-01-30T03:20:02.759Z,47.39072,
2020-01-30T03:25:02.797Z,46.20288,
2020-01-30T03:30:02.813Z,47.26784,
2020-01-30T03:35:02.819Z,47.34976,
2020-01-30T03:40:02.846Z,47.26784,
2020-01-30T03:45:02.847Z,47.34976,
2020-01-30T03:50:02.872Z,47.34976,
2020-01-30T03:55:02.868Z,47.34976,
2020-01-30T04:00:02.925Z,47.34976,
2020-01-30T04:05:02.927Z,47.4112,
2020-01-30T04:10:02.943Z,47.3088,
2020-01-30T04:15:02.937Z,47.26784,
2020-01-30T04:20:02.957Z,47.34976,
2020-01-30T04:25:02.987Z,47.37024,
2020-01-30T04:30:02.988Z,47.26784,
2020-01-30T04:35:02.993Z,46.61248,
2020-01-30T04:40:03.000Z,47.34976,
2020-01-30T04:45:03.038Z,47.43168,
2020-01-30T04:50:03.058Z,45.568,
2020-01-30T04:55:03.072Z,47.26784,
2020-01-30T05:00:03.089Z,47.34976,
2020-01-30T05:05:03.096Z,48.7424,
2020-01-30T05:10:03.119Z,47.39072,
2020-01-30T05:15:03.137Z,47.39072,
2020-01-30T05:20:03.132Z,47.02208,
2020-01-30T05:25:03.157Z,47.34976,
2020-01-30T05:30:03.209Z,47.18592,
2020-01-30T05:35:03.192Z,47.34976,
2020-01-30T05:40:03.213Z,47.26784,
2020-01-30T05:45:03.230Z,46.12096,
2020-01-30T05:50:03.245Z,48.08704,
2020-01-30T05:55:03.245Z,47.34976,
2020-01-30T06:00:03.270Z,47.34976,
2020-01-30T06:05:03.285Z,47.26784,
2020-01-30T06:10:03.298Z,47.3088,
2020-01-30T06:15:02.295Z,-1,
2020-01-30T06:20:02.311Z,47.43168,
2020-01-30T06:25:02.335Z,48.25088,
2020-01-30T06:30:02.362Z,47.43168,
2020-01-30T06:35:02.355Z,47.43168,
2020-01-30T06:40:02.361Z,-1,
2020-01-30T06:45:02.387Z,47.43168,
2020-01-30T06:50:02.415Z,47.104,
2020-01-30T06:55:02.429Z,47.18592,
2020-01-30T07:00:02.480Z,47.32928,
2020-01-30T07:05:02.468Z,47.34976,
2020-01-30T07:10:02.468Z,45.79328,
2020-01-30T07:15:02.471Z,47.43168,
2020-01-30T07:20:02.507Z,47.26784,
2020-01-30T07:25:02.518Z,47.43168,
2020-01-30T07:30:02.538Z,47.34976,
2020-01-30T07:35:02.548Z,46.8992,
2020-01-30T07:40:02.542Z,47.26784,
2020-01-30T07:45:02.559Z,47.45216,
2020-01-30T07:50:02.581Z,47.75936,
2020-01-30T07:55:02.569Z,47.18592,
2020-01-30T08:00:02.619Z,47.616,
2020-01-30T08:05:02.633Z,48.3328,
2020-01-30T08:10:02.632Z,46.85824,
2020-01-30T08:15:02.653Z,47.28832,
2020-01-30T08:20:02.662Z,47.3088,
2020-01-30T08:25:02.674Z,47.26784,
2020-01-30T08:30:02.725Z,46.96064,
2020-01-30T08:35:02.702Z,47.34976,
2020-01-30T08:40:02.711Z,46.30528,
2020-01-30T08:45:02.749Z,45.95712,
2020-01-30T08:50:02.755Z,46.96064,
2020-01-30T08:55:02.765Z,47.28832,
2020-01-30T09:00:02.785Z,47.7184,
2020-01-30T09:05:02.799Z,47.26784,
2020-01-30T09:10:02.819Z,47.22688,
2020-01-30T09:15:02.840Z,44.7488,
2020-01-30T09:20:02.830Z,47.37024,
2020-01-30T09:25:02.847Z,47.26784,
2020-01-30T09:30:02.887Z,47.2064,
2020-01-30T09:35:02.896Z,-1,
2020-01-30T09:40:02.912Z,44.1344,
2020-01-30T09:45:02.893Z,42.02496,
2020-01-30T09:50:02.948Z,41.14432,
2020-01-30T09:55:02.938Z,42.02496,
2020-01-30T10:00:02.981Z,41.51296,
2020-01-30T10:05:03.001Z,43.08992,
2020-01-30T10:10:02.993Z,43.35616,
2020-01-30T10:15:03.009Z,-1,
2020-01-30T10:20:03.031Z,38.0928,
2020-01-30T10:25:03.043Z,41.39008,
2020-01-30T10:30:03.054Z,-1,
2020-01-30T10:35:03.060Z,44.97408,
2020-01-30T10:40:03.082Z,44.89216,
2020-01-30T10:45:03.105Z,41.20576,
2020-01-30T10:50:03.115Z,40.6528,
2020-01-30T10:55:03.137Z,47.37024,
2020-01-30T11:00:03.152Z,41.55392,
2020-01-30T11:05:03.165Z,22.20032,
2020-01-30T11:10:03.170Z,28.09856,
2020-01-30T11:15:03.200Z,38.74816,
2020-01-30T11:20:03.228Z,42.84416,
2020-01-30T11:25:03.260Z,44.72832,
2020-01-30T11:30:03.261Z,-1,
2020-01-30T11:35:03.268Z,42.53696,
2020-01-30T11:40:03.268Z,41.61536,
2020-01-30T11:45:02.307Z,44.83072,
2020-01-30T11:50:02.312Z,45.056,
2020-01-30T11:55:02.341Z,47.26784,
2020-01-30T12:00:02.337Z,-1,
2020-01-30T12:05:02.350Z,47.32928,
2020-01-30T12:10:02.377Z,47.77984,
2020-01-30T12:15:02.385Z,47.32928,
2020-01-30T12:20:02.393Z,47.24736,
2020-01-30T12:25:02.409Z,-1,
2020-01-30T12:30:02.424Z,47.34976,
2020-01-30T12:35:02.445Z,-1,
2020-01-30T12:40:02.454Z,47.32928,
2020-01-30T12:45:02.441Z,46.36672,
2020-01-30T12:50:02.471Z,47.26784,
2020-01-30T12:55:02.531Z,47.34976,
2020-01-30T13:00:02.517Z,47.26784,
2020-01-30T13:05:02.512Z,47.43168,
2020-01-30T13:10:02.524Z,47.88224,
2020-01-30T13:15:02.543Z,47.43168,
2020-01-30T13:20:02.568Z,47.5136,
2020-01-30T13:25:02.599Z,47.26784,
2020-01-30T13:30:02.612Z,47.37024,
2020-01-30T13:35:02.605Z,47.43168,
2020-01-30T13:40:02.619Z,-1,
2020-01-30T13:45:02.643Z,47.34976,
2020-01-30T13:50:02.656Z,46.6944,
2020-01-30T13:55:02.686Z,47.43168,
2020-01-30T14:00:02.709Z,47.22688,
2020-01-30T14:05:02.712Z,47.3088,
2020-01-30T14:10:02.730Z,-1,
2020-01-30T14:15:02.740Z,47.34976,
2020-01-30T14:20:02.746Z,47.37024,
2020-01-30T14:25:02.791Z,47.34976,
2020-01-30T14:30:02.795Z,47.02208,
2020-01-30T14:35:02.798Z,47.34976,
2020-01-30T14:40:02.817Z,47.4112,
2020-01-30T14:45:02.809Z,-1,
2020-01-30T14:50:02.844Z,47.34976,
2020-01-30T14:55:02.873Z,46.12096,
2020-01-30T15:00:02.849Z,47.4112,
2020-01-30T15:05:02.866Z,47.43168,
2020-01-30T15:10:02.890Z,47.37024,
2020-01-30T15:15:02.917Z,47.34976,
2020-01-30T15:20:02.920Z,47.28832,
2020-01-30T15:25:02.945Z,47.34976,
2020-01-30T15:30:02.932Z,47.5136,
2020-01-30T15:35:02.977Z,47.28832,
2020-01-30T15:40:02.974Z,47.28832,
2020-01-30T15:45:02.981Z,47.24736,
2020-01-30T15:50:02.997Z,47.26784,
2020-01-30T15:55:03.059Z,47.4112,
2020-01-30T16:00:03.046Z,46.10048,
2020-01-30T16:05:03.056Z,-1,
2020-01-30T16:10:03.085Z,47.26784,
2020-01-30T16:15:03.073Z,46.03904,
2020-01-30T16:20:03.095Z,-1,
2020-01-30T16:25:03.107Z,47.34976,
2020-01-30T16:30:03.139Z,47.26784,
2020-01-30T16:35:03.156Z,47.34976,
2020-01-30T16:40:03.152Z,46.6944,
2020-01-30T16:45:03.171Z,47.26784,
2020-01-30T16:50:03.172Z,47.26784,
2020-01-30T16:55:03.213Z,46.61248,
2020-01-30T17:00:03.223Z,47.18592,
2020-01-30T17:05:03.237Z,47.37024,
2020-01-30T17:10:03.247Z,47.34976,
2020-01-30T17:15:03.269Z,47.37024,
2020-01-30T17:20:03.293Z,47.34976,
2020-01-30T17:25:02.290Z,47.34976,
2020-01-30T17:30:02.319Z,46.2848,
2020-01-30T17:35:02.335Z,47.43168,
2020-01-30T17:40:02.336Z,47.34976,
2020-01-30T17:45:02.354Z,47.43168,
2020-01-30T17:50:02.358Z,46.12096,
2020-01-30T17:55:02.365Z,47.39072,
2020-01-30T18:00:02.406Z,47.43168,
2020-01-30T18:05:02.415Z,46.53056,
2020-01-30T18:10:02.434Z,-1,
2020-01-30T18:15:02.445Z,47.34976,
2020-01-30T18:20:02.455Z,47.43168,
2020-01-30T18:25:02.467Z,47.47264,
2020-01-30T18:30:02.475Z,-1,
2020-01-30T18:35:02.505Z,47.34976,
2020-01-30T18:40:02.496Z,47.34976,
2020-01-30T18:45:02.528Z,-1,
2020-01-30T18:50:02.609Z,-1,
2020-01-30T18:55:02.594Z,47.34976,
2020-01-30T19:00:02.582Z,47.24736,
2020-01-30T19:05:02.589Z,47.26784,
2020-01-30T19:10:02.603Z,-1,
2020-01-30T19:15:02.634Z,47.26784,
2020-01-30T19:20:02.645Z,47.26784,
2020-01-30T19:25:02.652Z,47.43168,
2020-01-30T19:30:02.689Z,47.32928,
2020-01-30T19:35:02.673Z,47.37024,
2020-01-30T19:40:02.702Z,47.02208,
2020-01-30T19:45:02.721Z,47.34976,
2020-01-30T19:50:02.715Z,47.39072,
2020-01-30T19:55:02.760Z,47.26784,
2020-01-30T20:00:02.774Z,47.43168,
2020-01-30T20:05:02.765Z,47.26784,
2020-01-30T20:10:02.795Z,47.34976,
2020-01-30T20:15:02.801Z,46.83776,
2020-01-30T20:20:02.817Z,46.94016,
2020-01-30T20:25:02.875Z,-1,
2020-01-30T20:30:02.842Z,47.45216,
2020-01-30T20:35:02.874Z,47.26784,
2020-01-30T20:40:02.866Z,47.45216,
2020-01-30T20:45:02.904Z,47.73888,
2020-01-30T20:50:02.917Z,47.37024,
2020-01-30T20:55:02.902Z,47.5136,
2020-01-30T21:00:02.944Z,47.34976,
2020-01-30T21:05:02.944Z,47.34976,
2020-01-30T21:10:02.978Z,47.34976,
2020-01-30T21:15:02.983Z,47.34976,
2020-01-30T21:20:03.013Z,47.3088,
2020-01-30T21:25:03.022Z,47.26784,
2020-01-30T21:30:03.023Z,47.34976,
2020-01-30T21:35:03.043Z,47.34976,
2020-01-30T21:40:03.061Z,47.43168,
2020-01-30T21:45:03.092Z,47.43168,
2020-01-30T21:50:03.113Z,46.85824,
2020-01-30T21:55:03.122Z,49.58208,
2020-01-30T22:00:03.108Z,47.34976,
2020-01-30T22:05:03.123Z,47.43168,
2020-01-30T22:10:03.153Z,47.34976,
2020-01-30T22:15:03.182Z,47.43168,
2020-01-30T22:20:03.182Z,47.34976,
2020-01-30T22:25:03.191Z,47.2064,
2020-01-30T22:30:03.224Z,47.4112,
2020-01-30T22:35:03.204Z,47.104,
2020-01-30T22:40:03.208Z,47.3088,
2020-01-30T22:45:03.243Z,47.02208,
2020-01-30T22:50:03.247Z,47.34976,
2020-01-30T22:55:03.261Z,47.26784,
2020-01-30T23:00:02.283Z,47.34976,
2020-01-30T23:05:02.319Z,47.26784,
2020-01-30T23:10:02.310Z,47.34976,
2020-01-30T23:15:02.324Z,47.24736,
2020-01-30T23:20:02.339Z,47.28832,
2020-01-30T23:25:02.369Z,47.26784,
2020-01-30T23:30:02.388Z,47.43168,
2020-01-30T23:35:02.410Z,46.12096,
2020-01-30T23:40:02.424Z,47.32928,
2020-01-30T23:45:02.402Z,47.32928,
2020-01-30T23:50:02.431Z,47.104,
2020-01-30T23:55:02.453Z,47.18592,
2020-01-31T00:00:02.478Z,47.18592,
2020-01-31T00:05:02.495Z,47.34976,
2020-01-31T00:10:02.506Z,47.39072,
2020-01-31T00:15:02.517Z,47.4112,
2020-01-31T00:20:02.524Z,47.39072,
2020-01-31T00:25:02.536Z,47.4112,
2020-01-31T00:30:02.570Z,47.26784,
2020-01-31T00:35:02.569Z,47.59552,
2020-01-31T00:40:02.611Z,47.18592,
2020-01-31T00:45:02.618Z,47.26784,
2020-01-31T00:50:02.603Z,47.34976,
2020-01-31T00:55:02.646Z,47.34976,
2020-01-31T01:00:02.651Z,47.26784,
2020-01-31T01:05:02.668Z,47.34976,
2020-01-31T01:10:02.673Z,47.22688,
2020-01-31T01:15:02.691Z,47.26784,
2020-01-31T01:20:02.733Z,47.26784,
2020-01-31T01:25:02.729Z,47.28832,
2020-01-31T01:30:02.731Z,49.0496,
2020-01-31T01:35:02.757Z,47.43168,
2020-01-31T01:40:02.764Z,47.34976,
2020-01-31T01:45:02.781Z,45.54752,
2020-01-31T01:50:02.792Z,47.26784,
2020-01-31T01:55:02.823Z,47.26784,
2020-01-31T02:00:02.842Z,47.26784,
2020-01-31T02:05:02.830Z,47.18592,
2020-01-31T02:10:02.851Z,47.26784,
2020-01-31T02:15:02.875Z,47.43168,
2020-01-31T02:20:02.883Z,47.26784,
2020-01-31T02:25:02.920Z,47.26784,
2020-01-31T02:30:02.938Z,47.55456,
2020-01-31T02:35:02.931Z,46.77632,
2020-01-31T02:40:02.944Z,43.33568,
2020-01-31T02:45:02.976Z,46.03904,
2020-01-31T02:50:02.963Z,44.81024,
2020-01-31T02:55:02.989Z,47.34976,
2020-01-31T03:00:03.024Z,47.37024,
2020-01-31T03:05:03.025Z,41.22624,
2020-01-31T03:10:03.040Z,36.63872,
2020-01-31T03:15:03.073Z,47.43168,
2020-01-31T03:20:03.066Z,43.99104,
2020-01-31T03:25:03.080Z,29.9008,
2020-01-31T03:30:03.122Z,24.90368,
2020-01-31T03:35:03.116Z,24.24832,
2020-01-31T03:40:03.137Z,35.38944,
2020-01-31T03:45:03.163Z,47.02208,
2020-01-31T03:50:03.155Z,25.14944,
2020-01-31T03:55:03.178Z,29.92128,
2020-01-31T04:00:03.168Z,28.61056,
2020-01-31T04:05:03.186Z,32.93184,
2020-01-31T04:10:03.207Z,23.83872,
2020-01-31T04:15:03.229Z,26.91072,
2020-01-31T04:20:03.255Z,27.4432,
2020-01-31T04:25:03.253Z,25.31328,
2020-01-31T04:30:03.282Z,31.5392,
2020-01-31T04:35:02.300Z,47.26784,
2020-01-31T04:40:02.333Z,47.32928,
2020-01-31T04:45:02.335Z,47.3088,
2020-01-31T04:50:02.320Z,47.26784,
2020-01-31T04:55:02.356Z,47.43168,
2020-01-31T05:00:02.375Z,47.5136,
2020-01-31T05:05:02.392Z,47.18592,
2020-01-31T05:10:02.415Z,47.26784,
2020-01-31T05:15:02.425Z,47.45216,
2020-01-31T05:20:02.436Z,47.43168,
2020-01-31T05:25:02.474Z,47.59552,
2020-01-31T05:30:02.474Z,47.34976,
2020-01-31T05:35:02.477Z,47.26784,
2020-01-31T05:40:02.509Z,47.28832,
2020-01-31T05:45:02.490Z,47.43168,
2020-01-31T05:50:02.538Z,47.2064,
2020-01-31T05:55:02.559Z,47.9232,
2020-01-31T06:00:02.539Z,47.34976,
2020-01-31T06:05:02.576Z,47.28832,
2020-01-31T06:10:02.594Z,47.43168,
2020-01-31T06:15:02.620Z,46.36672,
2020-01-31T06:20:02.621Z,47.43168,
2020-01-31T06:25:02.627Z,47.26784,
2020-01-31T06:30:02.633Z,47.5136,
2020-01-31T06:35:02.648Z,47.26784,
2020-01-31T06:40:02.650Z,47.43168,
2020-01-31T06:45:02.672Z,47.02208,
2020-01-31T06:50:02.688Z,47.26784,
2020-01-31T06:55:02.721Z,47.14496,
2020-01-31T07:00:02.741Z,45.1584,
2020-01-31T07:05:02.748Z,46.85824,
2020-01-31T07:10:02.758Z,47.34976,
2020-01-31T07:15:02.776Z,45.95712,
2020-01-31T07:20:02.788Z,47.34976,
2020-01-31T07:25:02.803Z,47.28832,
2020-01-31T07:30:02.830Z,47.5136,
2020-01-31T07:35:02.823Z,47.45216,
2020-01-31T07:40:02.855Z,47.02208,
2020-01-31T07:45:02.855Z,46.12096,
2020-01-31T07:50:02.869Z,47.26784,
2020-01-31T07:55:02.892Z,47.37024,
2020-01-31T08:00:02.884Z,47.24736,
2020-01-31T08:05:02.926Z,47.18592,
2020-01-31T08:10:02.943Z,47.26784,
2020-01-31T08:15:02.962Z,47.34976,
2020-01-31T08:20:02.967Z,47.26784,
2020-01-31T08:25:03.009Z,47.43168,
2020-01-31T08:30:03.008Z,47.34976,
2020-01-31T08:35:03.012Z,46.61248,
2020-01-31T08:40:03.043Z,47.26784,
2020-01-31T08:45:03.042Z,47.32928,
2020-01-31T08:50:03.065Z,47.43168,
2020-01-31T08:55:03.077Z,47.18592,
2020-01-31T09:00:03.083Z,47.34976,
2020-01-31T09:05:03.117Z,47.26784,
2020-01-31T09:10:03.104Z,47.3088,
2020-01-31T09:15:03.135Z,47.18592,
2020-01-31T09:20:03.145Z,47.39072,
2020-01-31T09:25:03.178Z,47.37024,
2020-01-31T09:30:03.186Z,47.34976,
2020-01-31T09:35:03.194Z,47.26784,
2020-01-31T09:40:03.197Z,47.18592,
2020-01-31T09:45:03.214Z,47.37024,
2020-01-31T09:50:03.245Z,47.32928,
2020-01-31T09:55:03.291Z,47.43168,
2020-01-31T10:00:03.284Z,47.18592,
2020-01-31T10:05:03.291Z,46.32576,
2020-01-31T10:10:02.306Z,47.18592,
2020-01-31T10:15:02.311Z,47.12448,
2020-01-31T10:20:02.364Z,40.89856,
2020-01-31T10:25:02.368Z,45.38368,
2020-01-31T10:30:02.401Z,46.75584,
2020-01-31T10:35:02.404Z,43.25376,
2020-01-31T10:40:02.412Z,47.28832,
2020-01-31T10:45:02.431Z,46.91968,
2020-01-31T10:50:02.437Z,43.8272,
2020-01-31T10:55:02.448Z,47.26784,
2020-01-31T11:00:02.456Z,47.02208,
2020-01-31T11:05:02.476Z,47.34976,
2020-01-31T11:10:02.492Z,46.63296,
2020-01-31T11:15:02.508Z,42.68032,
2020-01-31T11:20:02.569Z,26.46016,
2020-01-31T11:25:02.560Z,41.0624,
2020-01-31T11:30:02.551Z,36.33152,
2020-01-31T11:35:02.589Z,45.9776,
2020-01-31T11:40:02.601Z,25.14944,
2020-01-31T11:45:02.625Z,46.10048,
2020-01-31T11:50:02.632Z,40.63232,
2020-01-31T11:55:02.640Z,46.8992,
2020-01-31T12:00:02.653Z,47.34976,
2020-01-31T12:05:02.684Z,30.74048,
2020-01-31T12:10:02.685Z,47.34976,
2020-01-31T12:15:02.702Z,33.91488,
2020-01-31T12:20:02.710Z,29.16352,
2020-01-31T12:25:02.726Z,27.09504,
2020-01-31T12:30:02.752Z,47.26784,
2020-01-31T12:35:02.750Z,47.43168,
2020-01-31T12:40:02.798Z,46.83776,
2020-01-31T12:45:02.796Z,47.34976,
2020-01-31T12:50:02.817Z,46.65344,
2020-01-31T12:55:02.834Z,47.34976,
2020-01-31T13:00:02.815Z,47.34976,
2020-01-31T13:05:03.279Z,46.53056,
2020-01-31T13:10:02.307Z,47.43168,
2020-01-31T13:15:02.303Z,47.28832,
2020-01-31T13:20:02.325Z,47.26784,
2020-01-31T13:25:02.329Z,47.37024,
2020-01-31T13:30:02.354Z,47.34976,
2020-01-31T13:35:02.378Z,47.34976,
2020-01-31T13:40:02.389Z,47.28832,
2020-01-31T13:45:02.405Z,47.26784,
2020-01-31T13:50:02.420Z,47.34976,
2020-01-31T13:55:02.422Z,47.5136,
2020-01-31T14:00:02.445Z,46.24384,
2020-01-31T14:05:02.450Z,47.26784,
2020-01-31T14:10:02.458Z,47.39072,
2020-01-31T14:15:02.488Z,47.34976,
2020-01-31T14:20:02.527Z,47.34976,
2020-01-31T14:25:02.521Z,47.43168,
2020-01-31T14:30:02.545Z,47.47264,
2020-01-31T14:35:02.551Z,47.5136,
2020-01-31T14:40:02.548Z,47.26784,
2020-01-31T14:45:02.560Z,47.34976,
2020-01-31T14:50:02.575Z,47.32928,
2020-01-31T14:55:02.609Z,47.53408,
2020-01-31T15:00:02.630Z,47.24736,
2020-01-31T15:05:02.651Z,47.26784,
2020-01-31T15:10:02.644Z,47.45216,
2020-01-31T15:15:02.661Z,47.43168,
2020-01-31T15:20:02.692Z,47.43168,
2020-01-31T15:25:02.705Z,47.22688,
2020-01-31T15:30:02.717Z,47.37024,
2020-01-31T15:35:02.735Z,47.34976,
2020-01-31T15:40:02.767Z,47.43168,
2020-01-31T15:45:02.751Z,46.96064,
2020-01-31T15:50:02.786Z,47.34976,
2020-01-31T15:55:02.785Z,47.96416,
2020-01-31T16:00:02.803Z,47.34976,
2020-01-31T16:05:02.829Z,45.81376,
2020-01-31T16:10:02.855Z,47.45216,
2020-01-31T16:15:02.903Z,47.4112,
2020-01-31T16:20:02.855Z,48.7424,
2020-01-31T16:25:02.878Z,47.22688,
2020-01-31T16:30:02.907Z,47.3088,
2020-01-31T16:35:02.913Z,47.16544,
2020-01-31T16:40:02.929Z,47.26784,
2020-01-31T16:45:02.929Z,47.8208,
2020-01-31T16:50:02.941Z,47.34976,
2020-01-31T16:55:02.971Z,47.34976,
2020-01-31T17:00:02.969Z,47.34976,
2020-01-31T17:05:02.967Z,47.06304,
2020-01-31T17:10:03.014Z,47.26784,
2020-01-31T17:15:03.030Z,47.37024,
2020-01-31T17:20:03.057Z,47.34976,
2020-01-31T17:25:03.060Z,47.37024,
2020-01-31T17:30:03.079Z,47.18592,
2020-01-31T17:35:03.090Z,47.32928,
2020-01-31T17:40:03.099Z,47.26784,
2020-01-31T17:45:03.113Z,47.43168,
2020-01-31T17:50:03.145Z,47.32928,
2020-01-31T17:55:03.156Z,48.16896,
2020-01-31T18:00:03.150Z,48.25088,
2020-01-31T18:05:03.180Z,47.22688,
2020-01-31T18:10:03.186Z,47.34976,
2020-01-31T18:15:03.213Z,47.34976,
2020-01-31T18:20:03.232Z,47.32928,
2020-01-31T18:25:03.256Z,47.3088,
2020-01-31T18:30:03.250Z,47.34976,
2020-01-31T18:35:03.284Z,47.34976,
2020-01-31T18:40:03.304Z,47.24736,
2020-01-31T18:45:02.304Z,47.28832,
2020-01-31T18:50:02.344Z,48.45568,
2020-01-31T18:55:02.328Z,47.26784,
2020-01-31T19:00:02.346Z,48.08704,
2020-01-31T19:05:02.369Z,47.26784,
2020-01-31T19:10:02.380Z,47.43168,
2020-01-31T19:15:02.395Z,47.4112,
2020-01-31T19:20:02.413Z,46.4896,
2020-01-31T19:25:02.406Z,47.34976,
2020-01-31T19:30:02.448Z,46.71488,
2020-01-31T19:35:02.434Z,47.34976,
2020-01-31T19:40:02.446Z,47.34976,
2020-01-31T19:45:02.472Z,46.20288,
2020-01-31T19:50:02.492Z,47.34976,
2020-01-31T19:55:02.499Z,47.26784,
2020-01-31T20:00:02.510Z,48.66048,
2020-01-31T20:05:02.527Z,46.53056,
2020-01-31T20:10:02.540Z,46.94016,
2020-01-31T20:15:02.568Z,47.26784,
2020-01-31T20:20:02.601Z,47.34976,
2020-01-31T20:25:02.595Z,47.0016,
2020-01-31T20:30:02.620Z,47.34976,
2020-01-31T20:35:02.625Z,47.26784,
2020-01-31T20:40:02.643Z,47.43168,
2020-01-31T20:45:02.660Z,47.34976,
2020-01-31T20:50:02.667Z,47.39072,
2020-01-31T20:55:02.695Z,47.34976,
2020-01-31T21:00:02.704Z,45.79328,
2020-01-31T21:05:02.721Z,47.104,
2020-01-31T21:10:02.731Z,47.18592,
2020-01-31T21:15:02.757Z,47.34976,
2020-01-31T21:20:02.763Z,47.34976,
2020-01-31T21:25:02.792Z,47.26784,
2020-01-31T21:30:02.805Z,47.28832,
2020-01-31T21:35:02.808Z,47.34976,
2020-01-31T21:40:02.838Z,47.43168,
2020-01-31T21:45:02.863Z,47.28832,
2020-01-31T21:50:02.889Z,47.34976,
2020-01-31T21:55:02.871Z,45.71136,
2020-01-31T22:00:02.880Z,46.03904,
2020-01-31T22:05:03.541Z,47.26784,
2020-01-31T22:10:02.932Z,47.67744,
2020-01-31T22:35:48.334Z,47.28832,
2020-01-31T22:40:03.019Z,48.25088,
2020-01-31T22:45:03.054Z,47.39072,
2020-01-31T22:50:03.064Z,47.34976,
2020-01-31T22:55:03.077Z,47.49312,
2020-01-31T22:55:10.348Z,46.6944,
2020-01-31T22:56:47.523Z,47.37024,
2020-01-31T22:58:41.291Z,47.32928,
2020-01-31T23:00:03.282Z,47.26784,
2020-01-31T23:02:37.283Z,,Could not connect to google.com
2020-01-31T23:05:03.626Z,47.26784,
